https://www.tecnologia001.com,Tecnologia Portal 001,tecnologia001.com
https://www.tecnologia002.com,Tecnologia Portal 002,tecnologia002.com
https://www.tecnologia003.com,Tecnologia Portal 003,tecnologia003.com
https://www.tecnologia004.com,Tecnologia Portal 004,tecnologia004.com
https://www.tecnologia005.com,Tecnologia Portal 005,tecnologia005.com
https://www.tecnologia006.com,Tecnologia Portal 006,tecnologia006.com
https://www.tecnologia007.com,Tecnologia Portal 007,tecnologia007.com
https://www.tecnologia008.com,Tecnologia Portal 008,tecnologia008.com
https://www.tecnologia009.com,Tecnologia Portal 009,tecnologia009.com
https://www.tecnologia010.com,Tecnologia Portal 010,tecnologia010.com
https://www.tecnologia011.com,Tecnologia Portal 011,tecnologia011.com
https://www.tecnologia012.com,Tecnologia Portal 012,tecnologia012.com
https://www.tecnologia013.com,Tecnologia Portal 013,tecnologia013.com
https://www.tecnologia014.com,Tecnologia Portal 014,tecnologia014.com
https://www.tecnologia015.com,Tecnologia Portal 015,tecnologia015.com
https://www.tecnologia016.com,Tecnologia Portal 016,tecnologia016.com
https://www.tecnologia017.com,Tecnologia Portal 017,tecnologia017.com
https://www.tecnologia018.com,Tecnologia Portal 018,tecnologia018.com
https://www.tecnologia019.com,Tecnologia Portal 019,tecnologia019.com
https://www.tecnologia020.com,Tecnologia Portal 020,tecnologia020.com
https://www.tecnologia021.com,Tecnologia Portal 021,tecnologia021.com
https://www.tecnologia022.com,Tecnologia Portal 022,tecnologia022.com
https://www.tecnologia023.com,Tecnologia Portal 023,tecnologia023.com
https://www.tecnologia024.com,Tecnologia Portal 024,tecnologia024.com
https://www.tecnologia025.com,Tecnologia Portal 025,tecnologia025.com
https://www.tecnologia026.com,Tecnologia Portal 026,tecnologia026.com
https://www.tecnologia027.com,Tecnologia Portal 027,tecnologia027.com
https://www.tecnologia028.com,Tecnologia Portal 028,tecnologia028.com
https://www.tecnologia029.com,Tecnologia Portal 029,tecnologia029.com
https://www.tecnologia030.com,Tecnologia Portal 030,tecnologia030.com
https://www.tecnologia031.com,Tecnologia Portal 031,tecnologia031.com
https://www.tecnologia032.com,Tecnologia Portal 032,tecnologia032.com
https://www.tecnologia033.com,Tecnologia Portal 033,tecnologia033.com
https://www.tecnologia034.com,Tecnologia Portal 034,tecnologia034.com
https://www.tecnologia035.com,Tecnologia Portal 035,tecnologia035.com
https://www.tecnologia036.com,Tecnologia Portal 036,tecnologia036.com
https://www.tecnologia037.com,Tecnologia Portal 037,tecnologia037.com
https://www.tecnologia038.com,Tecnologia Portal 038,tecnologia038.com
https://www.tecnologia039.com,Tecnologia Portal 039,tecnologia039.com
https://www.tecnologia040.com,Tecnologia Portal 040,tecnologia040.com
https://www.tecnologia041.com,Tecnologia Portal 041,tecnologia041.com
https://www.tecnologia042.com,Tecnologia Portal 042,tecnologia042.com
https://www.tecnologia043.com,Tecnologia Portal 043,tecnologia043.com
https://www.tecnologia044.com,Tecnologia Portal 044,tecnologia044.com
https://www.tecnologia045.com,Tecnologia Portal 045,tecnologia045.com
https://www.tecnologia046.com,Tecnologia Portal 046,tecnologia046.com
https://www.tecnologia047.com,Tecnologia Portal 047,tecnologia047.com
https://www.tecnologia048.com,Tecnologia Portal 048,tecnologia048.com
https://www.tecnologia049.com,Tecnologia Portal 049,tecnologia049.com
https://www.tecnologia050.com,Tecnologia Portal 050,tecnologia050.com
https://www.tecnologia051.com,Tecnologia Portal 051,tecnologia051.com
https://www.tecnologia052.com,Tecnologia Portal 052,tecnologia052.com
https://www.tecnologia053.com,Tecnologia Portal 053,tecnologia053.com
https://www.tecnologia054.com,Tecnologia Portal 054,tecnologia054.com
https://www.tecnologia055.com,Tecnologia Portal 055,tecnologia055.com
https://www.tecnologia056.com,Tecnologia Portal 056,tecnologia056.com
https://www.tecnologia057.com,Tecnologia Portal 057,tecnologia057.com
https://www.tecnologia058.com,Tecnologia Portal 058,tecnologia058.com
https://www.tecnologia059.com,Tecnologia Portal 059,tecnologia059.com
https://www.tecnologia060.com,Tecnologia Portal 060,tecnologia060.com
https://www.tecnologia061.com,Tecnologia Portal 061,tecnologia061.com
https://www.tecnologia062.com,Tecnologia Portal 062,tecnologia062.com
https://www.tecnologia063.com,Tecnologia Portal 063,tecnologia063.com
https://www.tecnologia064.com,Tecnologia Portal 064,tecnologia064.com
https://www.tecnologia065.com,Tecnologia Portal 065,tecnologia065.com
https://www.tecnologia066.com,Tecnologia Portal 066,tecnologia066.com
https://www.tecnologia067.com,Tecnologia Portal 067,tecnologia067.com
https://www.tecnologia068.com,Tecnologia Portal 068,tecnologia068.com
https://www.tecnologia069.com,Tecnologia Portal 069,tecnologia069.com
https://www.tecnologia070.com,Tecnologia Portal 070,tecnologia070.com
https://www.tecnologia071.com,Tecnologia Portal 071,tecnologia071.com
https://www.tecnologia072.com,Tecnologia Portal 072,tecnologia072.com
https://www.tecnologia073.com,Tecnologia Portal 073,tecnologia073.com
https://www.tecnologia074.com,Tecnologia Portal 074,tecnologia074.com
https://www.tecnologia075.com,Tecnologia Portal 075,tecnologia075.com
https://www.tecnologia076.com,Tecnologia Portal 076,tecnologia076.com
https://www.tecnologia077.com,Tecnologia Portal 077,tecnologia077.com
https://www.tecnologia078.com,Tecnologia Portal 078,tecnologia078.com
https://www.tecnologia079.com,Tecnologia Portal 079,tecnologia079.com
https://www.tecnologia080.com,Tecnologia Portal 080,tecnologia080.com
https://www.tecnologia081.com,Tecnologia Portal 081,tecnologia081.com
https://www.tecnologia082.com,Tecnologia Portal 082,tecnologia082.com
https://www.tecnologia083.com,Tecnologia Portal 083,tecnologia083.com
https://www.tecnologia084.com,Tecnologia Portal 084,tecnologia084.com
https://www.tecnologia085.com,Tecnologia Portal 085,tecnologia085.com
https://www.tecnologia086.com,Tecnologia Portal 086,tecnologia086.com
https://www.tecnologia087.com,Tecnologia Portal 087,tecnologia087.com
https://www.tecnologia088.com,Tecnologia Portal 088,tecnologia088.com
https://www.tecnologia089.com,Tecnologia Portal 089,tecnologia089.com
https://www.tecnologia090.com,Tecnologia Portal 090,tecnologia090.com
https://www.tecnologia091.com,Tecnologia Portal 091,tecnologia091.com
https://www.tecnologia092.com,Tecnologia Portal 092,tecnologia092.com
https://www.tecnologia093.com,Tecnologia Portal 093,tecnologia093.com
https://www.tecnologia094.com,Tecnologia Portal 094,tecnologia094.com
https://www.tecnologia095.com,Tecnologia Portal 095,tecnologia095.com
https://www.tecnologia096.com,Tecnologia Portal 096,tecnologia096.com
https://www.tecnologia097.com,Tecnologia Portal 097,tecnologia097.com
https://www.tecnologia098.com,Tecnologia Portal 098,tecnologia098.com
https://www.tecnologia099.com,Tecnologia Portal 099,tecnologia099.com
https://www.tecnologia100.com,Tecnologia Portal 100,tecnologia100.com
https://www.noticias001.com,Noticias Portal 001,noticias001.com
https://www.noticias002.com,Noticias Portal 002,noticias002.com
https://www.noticias003.com,Noticias Portal 003,noticias003.com
https://www.noticias004.com,Noticias Portal 004,noticias004.com
https://www.noticias005.com,Noticias Portal 005,noticias005.com
https://www.noticias006.com,Noticias Portal 006,noticias006.com
https://www.noticias007.com,Noticias Portal 007,noticias007.com
https://www.noticias008.com,Noticias Portal 008,noticias008.com
https://www.noticias009.com,Noticias Portal 009,noticias009.com
https://www.noticias010.com,Noticias Portal 010,noticias010.com
https://www.noticias011.com,Noticias Portal 011,noticias011.com
https://www.noticias012.com,Noticias Portal 012,noticias012.com
https://www.noticias013.com,Noticias Portal 013,noticias013.com
https://www.noticias014.com,Noticias Portal 014,noticias014.com
https://www.noticias015.com,Noticias Portal 015,noticias015.com
https://www.noticias016.com,Noticias Portal 016,noticias016.com
https://www.noticias017.com,Noticias Portal 017,noticias017.com
https://www.noticias018.com,Noticias Portal 018,noticias018.com
https://www.noticias019.com,Noticias Portal 019,noticias019.com
https://www.noticias020.com,Noticias Portal 020,noticias020.com
https://www.noticias021.com,Noticias Portal 021,noticias021.com
https://www.noticias022.com,Noticias Portal 022,noticias022.com
https://www.noticias023.com,Noticias Portal 023,noticias023.com
https://www.noticias024.com,Noticias Portal 024,noticias024.com
https://www.noticias025.com,Noticias Portal 025,noticias025.com
https://www.noticias026.com,Noticias Portal 026,noticias026.com
https://www.noticias027.com,Noticias Portal 027,noticias027.com
https://www.noticias028.com,Noticias Portal 028,noticias028.com
https://www.noticias029.com,Noticias Portal 029,noticias029.com
https://www.noticias030.com,Noticias Portal 030,noticias030.com
https://www.noticias031.com,Noticias Portal 031,noticias031.com
https://www.noticias032.com,Noticias Portal 032,noticias032.com
https://www.noticias033.com,Noticias Portal 033,noticias033.com
https://www.noticias034.com,Noticias Portal 034,noticias034.com
https://www.noticias035.com,Noticias Portal 035,noticias035.com
https://www.noticias036.com,Noticias Portal 036,noticias036.com
https://www.noticias037.com,Noticias Portal 037,noticias037.com
https://www.noticias038.com,Noticias Portal 038,noticias038.com
https://www.noticias039.com,Noticias Portal 039,noticias039.com
https://www.noticias040.com,Noticias Portal 040,noticias040.com
https://www.noticias041.com,Noticias Portal 041,noticias041.com
https://www.noticias042.com,Noticias Portal 042,noticias042.com
https://www.noticias043.com,Noticias Portal 043,noticias043.com
https://www.noticias044.com,Noticias Portal 044,noticias044.com
https://www.noticias045.com,Noticias Portal 045,noticias045.com
https://www.noticias046.com,Noticias Portal 046,noticias046.com
https://www.noticias047.com,Noticias Portal 047,noticias047.com
https://www.noticias048.com,Noticias Portal 048,noticias048.com
https://www.noticias049.com,Noticias Portal 049,noticias049.com
https://www.noticias050.com,Noticias Portal 050,noticias050.com
https://www.noticias051.com,Noticias Portal 051,noticias051.com
https://www.noticias052.com,Noticias Portal 052,noticias052.com
https://www.noticias053.com,Noticias Portal 053,noticias053.com
https://www.noticias054.com,Noticias Portal 054,noticias054.com
https://www.noticias055.com,Noticias Portal 055,noticias055.com
https://www.noticias056.com,Noticias Portal 056,noticias056.com
https://www.noticias057.com,Noticias Portal 057,noticias057.com
https://www.noticias058.com,Noticias Portal 058,noticias058.com
https://www.noticias059.com,Noticias Portal 059,noticias059.com
https://www.noticias060.com,Noticias Portal 060,noticias060.com
https://www.noticias061.com,Noticias Portal 061,noticias061.com
https://www.noticias062.com,Noticias Portal 062,noticias062.com
https://www.noticias063.com,Noticias Portal 063,noticias063.com
https://www.noticias064.com,Noticias Portal 064,noticias064.com
https://www.noticias065.com,Noticias Portal 065,noticias065.com
https://www.noticias066.com,Noticias Portal 066,noticias066.com
https://www.noticias067.com,Noticias Portal 067,noticias067.com
https://www.noticias068.com,Noticias Portal 068,noticias068.com
https://www.noticias069.com,Noticias Portal 069,noticias069.com
https://www.noticias070.com,Noticias Portal 070,noticias070.com
https://www.noticias071.com,Noticias Portal 071,noticias071.com
https://www.noticias072.com,Noticias Portal 072,noticias072.com
https://www.noticias073.com,Noticias Portal 073,noticias073.com
https://www.noticias074.com,Noticias Portal 074,noticias074.com
https://www.noticias075.com,Noticias Portal 075,noticias075.com
https://www.noticias076.com,Noticias Portal 076,noticias076.com
https://www.noticias077.com,Noticias Portal 077,noticias077.com
https://www.noticias078.com,Noticias Portal 078,noticias078.com
https://www.noticias079.com,Noticias Portal 079,noticias079.com
https://www.noticias080.com,Noticias Portal 080,noticias080.com
https://www.noticias081.com,Noticias Portal 081,noticias081.com
https://www.noticias082.com,Noticias Portal 082,noticias082.com
https://www.noticias083.com,Noticias Portal 083,noticias083.com
https://www.noticias084.com,Noticias Portal 084,noticias084.com
https://www.noticias085.com,Noticias Portal 085,noticias085.com
https://www.noticias086.com,Noticias Portal 086,noticias086.com
https://www.noticias087.com,Noticias Portal 087,noticias087.com
https://www.noticias088.com,Noticias Portal 088,noticias088.com
https://www.noticias089.com,Noticias Portal 089,noticias089.com
https://www.noticias090.com,Noticias Portal 090,noticias090.com
https://www.noticias091.com,Noticias Portal 091,noticias091.com
https://www.noticias092.com,Noticias Portal 092,noticias092.com
https://www.noticias093.com,Noticias Portal 093,noticias093.com
https://www.noticias094.com,Noticias Portal 094,noticias094.com
https://www.noticias095.com,Noticias Portal 095,noticias095.com
https://www.noticias096.com,Noticias Portal 096,noticias096.com
https://www.noticias097.com,Noticias Portal 097,noticias097.com
https://www.noticias098.com,Noticias Portal 098,noticias098.com
https://www.noticias099.com,Noticias Portal 099,noticias099.com
https://www.noticias100.com,Noticias Portal 100,noticias100.com
https://www.educacion001.com,Educacion Portal 001,educacion001.com
https://www.educacion002.com,Educacion Portal 002,educacion002.com
https://www.educacion003.com,Educacion Portal 003,educacion003.com
https://www.educacion004.com,Educacion Portal 004,educacion004.com
https://www.educacion005.com,Educacion Portal 005,educacion005.com
https://www.educacion006.com,Educacion Portal 006,educacion006.com
https://www.educacion007.com,Educacion Portal 007,educacion007.com
https://www.educacion008.com,Educacion Portal 008,educacion008.com
https://www.educacion009.com,Educacion Portal 009,educacion009.com
https://www.educacion010.com,Educacion Portal 010,educacion010.com
https://www.educacion011.com,Educacion Portal 011,educacion011.com
https://www.educacion012.com,Educacion Portal 012,educacion012.com
https://www.educacion013.com,Educacion Portal 013,educacion013.com
https://www.educacion014.com,Educacion Portal 014,educacion014.com
https://www.educacion015.com,Educacion Portal 015,educacion015.com
https://www.educacion016.com,Educacion Portal 016,educacion016.com
https://www.educacion017.com,Educacion Portal 017,educacion017.com
https://www.educacion018.com,Educacion Portal 018,educacion018.com
https://www.educacion019.com,Educacion Portal 019,educacion019.com
https://www.educacion020.com,Educacion Portal 020,educacion020.com
https://www.educacion021.com,Educacion Portal 021,educacion021.com
https://www.educacion022.com,Educacion Portal 022,educacion022.com
https://www.educacion023.com,Educacion Portal 023,educacion023.com
https://www.educacion024.com,Educacion Portal 024,educacion024.com
https://www.educacion025.com,Educacion Portal 025,educacion025.com
https://www.educacion026.com,Educacion Portal 026,educacion026.com
https://www.educacion027.com,Educacion Portal 027,educacion027.com
https://www.educacion028.com,Educacion Portal 028,educacion028.com
https://www.educacion029.com,Educacion Portal 029,educacion029.com
https://www.educacion030.com,Educacion Portal 030,educacion030.com
https://www.educacion031.com,Educacion Portal 031,educacion031.com
https://www.educacion032.com,Educacion Portal 032,educacion032.com
https://www.educacion033.com,Educacion Portal 033,educacion033.com
https://www.educacion034.com,Educacion Portal 034,educacion034.com
https://www.educacion035.com,Educacion Portal 035,educacion035.com
https://www.educacion036.com,Educacion Portal 036,educacion036.com
https://www.educacion037.com,Educacion Portal 037,educacion037.com
https://www.educacion038.com,Educacion Portal 038,educacion038.com
https://www.educacion039.com,Educacion Portal 039,educacion039.com
https://www.educacion040.com,Educacion Portal 040,educacion040.com
https://www.educacion041.com,Educacion Portal 041,educacion041.com
https://www.educacion042.com,Educacion Portal 042,educacion042.com
https://www.educacion043.com,Educacion Portal 043,educacion043.com
https://www.educacion044.com,Educacion Portal 044,educacion044.com
https://www.educacion045.com,Educacion Portal 045,educacion045.com
https://www.educacion046.com,Educacion Portal 046,educacion046.com
https://www.educacion047.com,Educacion Portal 047,educacion047.com
https://www.educacion048.com,Educacion Portal 048,educacion048.com
https://www.educacion049.com,Educacion Portal 049,educacion049.com
https://www.educacion050.com,Educacion Portal 050,educacion050.com
https://www.educacion051.com,Educacion Portal 051,educacion051.com
https://www.educacion052.com,Educacion Portal 052,educacion052.com
https://www.educacion053.com,Educacion Portal 053,educacion053.com
https://www.educacion054.com,Educacion Portal 054,educacion054.com
https://www.educacion055.com,Educacion Portal 055,educacion055.com
https://www.educacion056.com,Educacion Portal 056,educacion056.com
https://www.educacion057.com,Educacion Portal 057,educacion057.com
https://www.educacion058.com,Educacion Portal 058,educacion058.com
https://www.educacion059.com,Educacion Portal 059,educacion059.com
https://www.educacion060.com,Educacion Portal 060,educacion060.com
https://www.educacion061.com,Educacion Portal 061,educacion061.com
https://www.educacion062.com,Educacion Portal 062,educacion062.com
https://www.educacion063.com,Educacion Portal 063,educacion063.com
https://www.educacion064.com,Educacion Portal 064,educacion064.com
https://www.educacion065.com,Educacion Portal 065,educacion065.com
https://www.educacion066.com,Educacion Portal 066,educacion066.com
https://www.educacion067.com,Educacion Portal 067,educacion067.com
https://www.educacion068.com,Educacion Portal 068,educacion068.com
https://www.educacion069.com,Educacion Portal 069,educacion069.com
https://www.educacion070.com,Educacion Portal 070,educacion070.com
https://www.educacion071.com,Educacion Portal 071,educacion071.com
https://www.educacion072.com,Educacion Portal 072,educacion072.com
https://www.educacion073.com,Educacion Portal 073,educacion073.com
https://www.educacion074.com,Educacion Portal 074,educacion074.com
https://www.educacion075.com,Educacion Portal 075,educacion075.com
https://www.educacion076.com,Educacion Portal 076,educacion076.com
https://www.educacion077.com,Educacion Portal 077,educacion077.com
https://www.educacion078.com,Educacion Portal 078,educacion078.com
https://www.educacion079.com,Educacion Portal 079,educacion079.com
https://www.educacion080.com,Educacion Portal 080,educacion080.com
https://www.educacion081.com,Educacion Portal 081,educacion081.com
https://www.educacion082.com,Educacion Portal 082,educacion082.com
https://www.educacion083.com,Educacion Portal 083,educacion083.com
https://www.educacion084.com,Educacion Portal 084,educacion084.com
https://www.educacion085.com,Educacion Portal 085,educacion085.com
https://www.educacion086.com,Educacion Portal 086,educacion086.com
https://www.educacion087.com,Educacion Portal 087,educacion087.com
https://www.educacion088.com,Educacion Portal 088,educacion088.com
https://www.educacion089.com,Educacion Portal 089,educacion089.com
https://www.educacion090.com,Educacion Portal 090,educacion090.com
https://www.educacion091.com,Educacion Portal 091,educacion091.com
https://www.educacion092.com,Educacion Portal 092,educacion092.com
https://www.educacion093.com,Educacion Portal 093,educacion093.com
https://www.educacion094.com,Educacion Portal 094,educacion094.com
https://www.educacion095.com,Educacion Portal 095,educacion095.com
https://www.educacion096.com,Educacion Portal 096,educacion096.com
https://www.educacion097.com,Educacion Portal 097,educacion097.com
https://www.educacion098.com,Educacion Portal 098,educacion098.com
https://www.educacion099.com,Educacion Portal 099,educacion099.com
https://www.educacion100.com,Educacion Portal 100,educacion100.com
https://www.entretenimiento001.com,Entretenimiento Portal 001,entretenimiento001.com
https://www.entretenimiento002.com,Entretenimiento Portal 002,entretenimiento002.com
https://www.entretenimiento003.com,Entretenimiento Portal 003,entretenimiento003.com
https://www.entretenimiento004.com,Entretenimiento Portal 004,entretenimiento004.com
https://www.entretenimiento005.com,Entretenimiento Portal 005,entretenimiento005.com
https://www.entretenimiento006.com,Entretenimiento Portal 006,entretenimiento006.com
https://www.entretenimiento007.com,Entretenimiento Portal 007,entretenimiento007.com
https://www.entretenimiento008.com,Entretenimiento Portal 008,entretenimiento008.com
https://www.entretenimiento009.com,Entretenimiento Portal 009,entretenimiento009.com
https://www.entretenimiento010.com,Entretenimiento Portal 010,entretenimiento010.com
https://www.entretenimiento011.com,Entretenimiento Portal 011,entretenimiento011.com
https://www.entretenimiento012.com,Entretenimiento Portal 012,entretenimiento012.com
https://www.entretenimiento013.com,Entretenimiento Portal 013,entretenimiento013.com
https://www.entretenimiento014.com,Entretenimiento Portal 014,entretenimiento014.com
https://www.entretenimiento015.com,Entretenimiento Portal 015,entretenimiento015.com
https://www.entretenimiento016.com,Entretenimiento Portal 016,entretenimiento016.com
https://www.entretenimiento017.com,Entretenimiento Portal 017,entretenimiento017.com
https://www.entretenimiento018.com,Entretenimiento Portal 018,entretenimiento018.com
https://www.entretenimiento019.com,Entretenimiento Portal 019,entretenimiento019.com
https://www.entretenimiento020.com,Entretenimiento Portal 020,entretenimiento020.com
https://www.entretenimiento021.com,Entretenimiento Portal 021,entretenimiento021.com
https://www.entretenimiento022.com,Entretenimiento Portal 022,entretenimiento022.com
https://www.entretenimiento023.com,Entretenimiento Portal 023,entretenimiento023.com
https://www.entretenimiento024.com,Entretenimiento Portal 024,entretenimiento024.com
https://www.entretenimiento025.com,Entretenimiento Portal 025,entretenimiento025.com
https://www.entretenimiento026.com,Entretenimiento Portal 026,entretenimiento026.com
https://www.entretenimiento027.com,Entretenimiento Portal 027,entretenimiento027.com
https://www.entretenimiento028.com,Entretenimiento Portal 028,entretenimiento028.com
https://www.entretenimiento029.com,Entretenimiento Portal 029,entretenimiento029.com
https://www.entretenimiento030.com,Entretenimiento Portal 030,entretenimiento030.com
https://www.entretenimiento031.com,Entretenimiento Portal 031,entretenimiento031.com
https://www.entretenimiento032.com,Entretenimiento Portal 032,entretenimiento032.com
https://www.entretenimiento033.com,Entretenimiento Portal 033,entretenimiento033.com
https://www.entretenimiento034.com,Entretenimiento Portal 034,entretenimiento034.com
https://www.entretenimiento035.com,Entretenimiento Portal 035,entretenimiento035.com
https://www.entretenimiento036.com,Entretenimiento Portal 036,entretenimiento036.com
https://www.entretenimiento037.com,Entretenimiento Portal 037,entretenimiento037.com
https://www.entretenimiento038.com,Entretenimiento Portal 038,entretenimiento038.com
https://www.entretenimiento039.com,Entretenimiento Portal 039,entretenimiento039.com
https://www.entretenimiento040.com,Entretenimiento Portal 040,entretenimiento040.com
https://www.entretenimiento041.com,Entretenimiento Portal 041,entretenimiento041.com
https://www.entretenimiento042.com,Entretenimiento Portal 042,entretenimiento042.com
https://www.entretenimiento043.com,Entretenimiento Portal 043,entretenimiento043.com
https://www.entretenimiento044.com,Entretenimiento Portal 044,entretenimiento044.com
https://www.entretenimiento045.com,Entretenimiento Portal 045,entretenimiento045.com
https://www.entretenimiento046.com,Entretenimiento Portal 046,entretenimiento046.com
https://www.entretenimiento047.com,Entretenimiento Portal 047,entretenimiento047.com
https://www.entretenimiento048.com,Entretenimiento Portal 048,entretenimiento048.com
https://www.entretenimiento049.com,Entretenimiento Portal 049,entretenimiento049.com
https://www.entretenimiento050.com,Entretenimiento Portal 050,entretenimiento050.com
https://www.entretenimiento051.com,Entretenimiento Portal 051,entretenimiento051.com
https://www.entretenimiento052.com,Entretenimiento Portal 052,entretenimiento052.com
https://www.entretenimiento053.com,Entretenimiento Portal 053,entretenimiento053.com
https://www.entretenimiento054.com,Entretenimiento Portal 054,entretenimiento054.com
https://www.entretenimiento055.com,Entretenimiento Portal 055,entretenimiento055.com
https://www.entretenimiento056.com,Entretenimiento Portal 056,entretenimiento056.com
https://www.entretenimiento057.com,Entretenimiento Portal 057,entretenimiento057.com
https://www.entretenimiento058.com,Entretenimiento Portal 058,entretenimiento058.com
https://www.entretenimiento059.com,Entretenimiento Portal 059,entretenimiento059.com
https://www.entretenimiento060.com,Entretenimiento Portal 060,entretenimiento060.com
https://www.entretenimiento061.com,Entretenimiento Portal 061,entretenimiento061.com
https://www.entretenimiento062.com,Entretenimiento Portal 062,entretenimiento062.com
https://www.entretenimiento063.com,Entretenimiento Portal 063,entretenimiento063.com
https://www.entretenimiento064.com,Entretenimiento Portal 064,entretenimiento064.com
https://www.entretenimiento065.com,Entretenimiento Portal 065,entretenimiento065.com
https://www.entretenimiento066.com,Entretenimiento Portal 066,entretenimiento066.com
https://www.entretenimiento067.com,Entretenimiento Portal 067,entretenimiento067.com
https://www.entretenimiento068.com,Entretenimiento Portal 068,entretenimiento068.com
https://www.entretenimiento069.com,Entretenimiento Portal 069,entretenimiento069.com
https://www.entretenimiento070.com,Entretenimiento Portal 070,entretenimiento070.com
https://www.entretenimiento071.com,Entretenimiento Portal 071,entretenimiento071.com
https://www.entretenimiento072.com,Entretenimiento Portal 072,entretenimiento072.com
https://www.entretenimiento073.com,Entretenimiento Portal 073,entretenimiento073.com
https://www.entretenimiento074.com,Entretenimiento Portal 074,entretenimiento074.com
https://www.entretenimiento075.com,Entretenimiento Portal 075,entretenimiento075.com
https://www.entretenimiento076.com,Entretenimiento Portal 076,entretenimiento076.com
https://www.entretenimiento077.com,Entretenimiento Portal 077,entretenimiento077.com
https://www.entretenimiento078.com,Entretenimiento Portal 078,entretenimiento078.com
https://www.entretenimiento079.com,Entretenimiento Portal 079,entretenimiento079.com
https://www.entretenimiento080.com,Entretenimiento Portal 080,entretenimiento080.com
https://www.entretenimiento081.com,Entretenimiento Portal 081,entretenimiento081.com
https://www.entretenimiento082.com,Entretenimiento Portal 082,entretenimiento082.com
https://www.entretenimiento083.com,Entretenimiento Portal 083,entretenimiento083.com
https://www.entretenimiento084.com,Entretenimiento Portal 084,entretenimiento084.com
https://www.entretenimiento085.com,Entretenimiento Portal 085,entretenimiento085.com
https://www.entretenimiento086.com,Entretenimiento Portal 086,entretenimiento086.com
https://www.entretenimiento087.com,Entretenimiento Portal 087,entretenimiento087.com
https://www.entretenimiento088.com,Entretenimiento Portal 088,entretenimiento088.com
https://www.entretenimiento089.com,Entretenimiento Portal 089,entretenimiento089.com
https://www.entretenimiento090.com,Entretenimiento Portal 090,entretenimiento090.com
https://www.entretenimiento091.com,Entretenimiento Portal 091,entretenimiento091.com
https://www.entretenimiento092.com,Entretenimiento Portal 092,entretenimiento092.com
https://www.entretenimiento093.com,Entretenimiento Portal 093,entretenimiento093.com
https://www.entretenimiento094.com,Entretenimiento Portal 094,entretenimiento094.com
https://www.entretenimiento095.com,Entretenimiento Portal 095,entretenimiento095.com
https://www.entretenimiento096.com,Entretenimiento Portal 096,entretenimiento096.com
https://www.entretenimiento097.com,Entretenimiento Portal 097,entretenimiento097.com
https://www.entretenimiento098.com,Entretenimiento Portal 098,entretenimiento098.com
https://www.entretenimiento099.com,Entretenimiento Portal 099,entretenimiento099.com
https://www.entretenimiento100.com,Entretenimiento Portal 100,entretenimiento100.com
https://www.compras001.com,Compras Portal 001,compras001.com
https://www.compras002.com,Compras Portal 002,compras002.com
https://www.compras003.com,Compras Portal 003,compras003.com
https://www.compras004.com,Compras Portal 004,compras004.com
https://www.compras005.com,Compras Portal 005,compras005.com
https://www.compras006.com,Compras Portal 006,compras006.com
https://www.compras007.com,Compras Portal 007,compras007.com
https://www.compras008.com,Compras Portal 008,compras008.com
https://www.compras009.com,Compras Portal 009,compras009.com
https://www.compras010.com,Compras Portal 010,compras010.com
https://www.compras011.com,Compras Portal 011,compras011.com
https://www.compras012.com,Compras Portal 012,compras012.com
https://www.compras013.com,Compras Portal 013,compras013.com
https://www.compras014.com,Compras Portal 014,compras014.com
https://www.compras015.com,Compras Portal 015,compras015.com
https://www.compras016.com,Compras Portal 016,compras016.com
https://www.compras017.com,Compras Portal 017,compras017.com
https://www.compras018.com,Compras Portal 018,compras018.com
https://www.compras019.com,Compras Portal 019,compras019.com
https://www.compras020.com,Compras Portal 020,compras020.com
https://www.compras021.com,Compras Portal 021,compras021.com
https://www.compras022.com,Compras Portal 022,compras022.com
https://www.compras023.com,Compras Portal 023,compras023.com
https://www.compras024.com,Compras Portal 024,compras024.com
https://www.compras025.com,Compras Portal 025,compras025.com
https://www.compras026.com,Compras Portal 026,compras026.com
https://www.compras027.com,Compras Portal 027,compras027.com
https://www.compras028.com,Compras Portal 028,compras028.com
https://www.compras029.com,Compras Portal 029,compras029.com
https://www.compras030.com,Compras Portal 030,compras030.com
https://www.compras031.com,Compras Portal 031,compras031.com
https://www.compras032.com,Compras Portal 032,compras032.com
https://www.compras033.com,Compras Portal 033,compras033.com
https://www.compras034.com,Compras Portal 034,compras034.com
https://www.compras035.com,Compras Portal 035,compras035.com
https://www.compras036.com,Compras Portal 036,compras036.com
https://www.compras037.com,Compras Portal 037,compras037.com
https://www.compras038.com,Compras Portal 038,compras038.com
https://www.compras039.com,Compras Portal 039,compras039.com
https://www.compras040.com,Compras Portal 040,compras040.com
https://www.compras041.com,Compras Portal 041,compras041.com
https://www.compras042.com,Compras Portal 042,compras042.com
https://www.compras043.com,Compras Portal 043,compras043.com
https://www.compras044.com,Compras Portal 044,compras044.com
https://www.compras045.com,Compras Portal 045,compras045.com
https://www.compras046.com,Compras Portal 046,compras046.com
https://www.compras047.com,Compras Portal 047,compras047.com
https://www.compras048.com,Compras Portal 048,compras048.com
https://www.compras049.com,Compras Portal 049,compras049.com
https://www.compras050.com,Compras Portal 050,compras050.com
https://www.compras051.com,Compras Portal 051,compras051.com
https://www.compras052.com,Compras Portal 052,compras052.com
https://www.compras053.com,Compras Portal 053,compras053.com
https://www.compras054.com,Compras Portal 054,compras054.com
https://www.compras055.com,Compras Portal 055,compras055.com
https://www.compras056.com,Compras Portal 056,compras056.com
https://www.compras057.com,Compras Portal 057,compras057.com
https://www.compras058.com,Compras Portal 058,compras058.com
https://www.compras059.com,Compras Portal 059,compras059.com
https://www.compras060.com,Compras Portal 060,compras060.com
https://www.compras061.com,Compras Portal 061,compras061.com
https://www.compras062.com,Compras Portal 062,compras062.com
https://www.compras063.com,Compras Portal 063,compras063.com
https://www.compras064.com,Compras Portal 064,compras064.com
https://www.compras065.com,Compras Portal 065,compras065.com
https://www.compras066.com,Compras Portal 066,compras066.com
https://www.compras067.com,Compras Portal 067,compras067.com
https://www.compras068.com,Compras Portal 068,compras068.com
https://www.compras069.com,Compras Portal 069,compras069.com
https://www.compras070.com,Compras Portal 070,compras070.com
https://www.compras071.com,Compras Portal 071,compras071.com
https://www.compras072.com,Compras Portal 072,compras072.com
https://www.compras073.com,Compras Portal 073,compras073.com
https://www.compras074.com,Compras Portal 074,compras074.com
https://www.compras075.com,Compras Portal 075,compras075.com
https://www.compras076.com,Compras Portal 076,compras076.com
https://www.compras077.com,Compras Portal 077,compras077.com
https://www.compras078.com,Compras Portal 078,compras078.com
https://www.compras079.com,Compras Portal 079,compras079.com
https://www.compras080.com,Compras Portal 080,compras080.com
https://www.compras081.com,Compras Portal 081,compras081.com
https://www.compras082.com,Compras Portal 082,compras082.com
https://www.compras083.com,Compras Portal 083,compras083.com
https://www.compras084.com,Compras Portal 084,compras084.com
https://www.compras085.com,Compras Portal 085,compras085.com
https://www.compras086.com,Compras Portal 086,compras086.com
https://www.compras087.com,Compras Portal 087,compras087.com
https://www.compras088.com,Compras Portal 088,compras088.com
https://www.compras089.com,Compras Portal 089,compras089.com
https://www.compras090.com,Compras Portal 090,compras090.com
https://www.compras091.com,Compras Portal 091,compras091.com
https://www.compras092.com,Compras Portal 092,compras092.com
https://www.compras093.com,Compras Portal 093,compras093.com
https://www.compras094.com,Compras Portal 094,compras094.com
https://www.compras095.com,Compras Portal 095,compras095.com
https://www.compras096.com,Compras Portal 096,compras096.com
https://www.compras097.com,Compras Portal 097,compras097.com
https://www.compras098.com,Compras Portal 098,compras098.com
https://www.compras099.com,Compras Portal 099,compras099.com
https://www.compras100.com,Compras Portal 100,compras100.com
https://www.social001.com,Social Portal 001,social001.com
https://www.social002.com,Social Portal 002,social002.com
https://www.social003.com,Social Portal 003,social003.com
https://www.social004.com,Social Portal 004,social004.com
https://www.social005.com,Social Portal 005,social005.com
https://www.social006.com,Social Portal 006,social006.com
https://www.social007.com,Social Portal 007,social007.com
https://www.social008.com,Social Portal 008,social008.com
https://www.social009.com,Social Portal 009,social009.com
https://www.social010.com,Social Portal 010,social010.com
https://www.social011.com,Social Portal 011,social011.com
https://www.social012.com,Social Portal 012,social012.com
https://www.social013.com,Social Portal 013,social013.com
https://www.social014.com,Social Portal 014,social014.com
https://www.social015.com,Social Portal 015,social015.com
https://www.social016.com,Social Portal 016,social016.com
https://www.social017.com,Social Portal 017,social017.com
https://www.social018.com,Social Portal 018,social018.com
https://www.social019.com,Social Portal 019,social019.com
https://www.social020.com,Social Portal 020,social020.com
https://www.social021.com,Social Portal 021,social021.com
https://www.social022.com,Social Portal 022,social022.com
https://www.social023.com,Social Portal 023,social023.com
https://www.social024.com,Social Portal 024,social024.com
https://www.social025.com,Social Portal 025,social025.com
https://www.social026.com,Social Portal 026,social026.com
https://www.social027.com,Social Portal 027,social027.com
https://www.social028.com,Social Portal 028,social028.com
https://www.social029.com,Social Portal 029,social029.com
https://www.social030.com,Social Portal 030,social030.com
https://www.social031.com,Social Portal 031,social031.com
https://www.social032.com,Social Portal 032,social032.com
https://www.social033.com,Social Portal 033,social033.com
https://www.social034.com,Social Portal 034,social034.com
https://www.social035.com,Social Portal 035,social035.com
https://www.social036.com,Social Portal 036,social036.com
https://www.social037.com,Social Portal 037,social037.com
https://www.social038.com,Social Portal 038,social038.com
https://www.social039.com,Social Portal 039,social039.com
https://www.social040.com,Social Portal 040,social040.com
https://www.social041.com,Social Portal 041,social041.com
https://www.social042.com,Social Portal 042,social042.com
https://www.social043.com,Social Portal 043,social043.com
https://www.social044.com,Social Portal 044,social044.com
https://www.social045.com,Social Portal 045,social045.com
https://www.social046.com,Social Portal 046,social046.com
https://www.social047.com,Social Portal 047,social047.com
https://www.social048.com,Social Portal 048,social048.com
https://www.social049.com,Social Portal 049,social049.com
https://www.social050.com,Social Portal 050,social050.com
https://www.social051.com,Social Portal 051,social051.com
https://www.social052.com,Social Portal 052,social052.com
https://www.social053.com,Social Portal 053,social053.com
https://www.social054.com,Social Portal 054,social054.com
https://www.social055.com,Social Portal 055,social055.com
https://www.social056.com,Social Portal 056,social056.com
https://www.social057.com,Social Portal 057,social057.com
https://www.social058.com,Social Portal 058,social058.com
https://www.social059.com,Social Portal 059,social059.com
https://www.social060.com,Social Portal 060,social060.com
https://www.social061.com,Social Portal 061,social061.com
https://www.social062.com,Social Portal 062,social062.com
https://www.social063.com,Social Portal 063,social063.com
https://www.social064.com,Social Portal 064,social064.com
https://www.social065.com,Social Portal 065,social065.com
https://www.social066.com,Social Portal 066,social066.com
https://www.social067.com,Social Portal 067,social067.com
https://www.social068.com,Social Portal 068,social068.com
https://www.social069.com,Social Portal 069,social069.com
https://www.social070.com,Social Portal 070,social070.com
https://www.social071.com,Social Portal 071,social071.com
https://www.social072.com,Social Portal 072,social072.com
https://www.social073.com,Social Portal 073,social073.com
https://www.social074.com,Social Portal 074,social074.com
https://www.social075.com,Social Portal 075,social075.com
https://www.social076.com,Social Portal 076,social076.com
https://www.social077.com,Social Portal 077,social077.com
https://www.social078.com,Social Portal 078,social078.com
https://www.social079.com,Social Portal 079,social079.com
https://www.social080.com,Social Portal 080,social080.com
https://www.social081.com,Social Portal 081,social081.com
https://www.social082.com,Social Portal 082,social082.com
https://www.social083.com,Social Portal 083,social083.com
https://www.social084.com,Social Portal 084,social084.com
https://www.social085.com,Social Portal 085,social085.com
https://www.social086.com,Social Portal 086,social086.com
https://www.social087.com,Social Portal 087,social087.com
https://www.social088.com,Social Portal 088,social088.com
https://www.social089.com,Social Portal 089,social089.com
https://www.social090.com,Social Portal 090,social090.com
https://www.social091.com,Social Portal 091,social091.com
https://www.social092.com,Social Portal 092,social092.com
https://www.social093.com,Social Portal 093,social093.com
https://www.social094.com,Social Portal 094,social094.com
https://www.social095.com,Social Portal 095,social095.com
https://www.social096.com,Social Portal 096,social096.com
https://www.social097.com,Social Portal 097,social097.com
https://www.social098.com,Social Portal 098,social098.com
https://www.social099.com,Social Portal 099,social099.com
https://www.social100.com,Social Portal 100,social100.com
https://www.gobierno001.com,Gobierno Portal 001,gobierno001.com
https://www.gobierno002.com,Gobierno Portal 002,gobierno002.com
https://www.gobierno003.com,Gobierno Portal 003,gobierno003.com
https://www.gobierno004.com,Gobierno Portal 004,gobierno004.com
https://www.gobierno005.com,Gobierno Portal 005,gobierno005.com
https://www.gobierno006.com,Gobierno Portal 006,gobierno006.com
https://www.gobierno007.com,Gobierno Portal 007,gobierno007.com
https://www.gobierno008.com,Gobierno Portal 008,gobierno008.com
https://www.gobierno009.com,Gobierno Portal 009,gobierno009.com
https://www.gobierno010.com,Gobierno Portal 010,gobierno010.com
https://www.gobierno011.com,Gobierno Portal 011,gobierno011.com
https://www.gobierno012.com,Gobierno Portal 012,gobierno012.com
https://www.gobierno013.com,Gobierno Portal 013,gobierno013.com
https://www.gobierno014.com,Gobierno Portal 014,gobierno014.com
https://www.gobierno015.com,Gobierno Portal 015,gobierno015.com
https://www.gobierno016.com,Gobierno Portal 016,gobierno016.com
https://www.gobierno017.com,Gobierno Portal 017,gobierno017.com
https://www.gobierno018.com,Gobierno Portal 018,gobierno018.com
https://www.gobierno019.com,Gobierno Portal 019,gobierno019.com
https://www.gobierno020.com,Gobierno Portal 020,gobierno020.com
https://www.gobierno021.com,Gobierno Portal 021,gobierno021.com
https://www.gobierno022.com,Gobierno Portal 022,gobierno022.com
https://www.gobierno023.com,Gobierno Portal 023,gobierno023.com
https://www.gobierno024.com,Gobierno Portal 024,gobierno024.com
https://www.gobierno025.com,Gobierno Portal 025,gobierno025.com
https://www.gobierno026.com,Gobierno Portal 026,gobierno026.com
https://www.gobierno027.com,Gobierno Portal 027,gobierno027.com
https://www.gobierno028.com,Gobierno Portal 028,gobierno028.com
https://www.gobierno029.com,Gobierno Portal 029,gobierno029.com
https://www.gobierno030.com,Gobierno Portal 030,gobierno030.com
https://www.gobierno031.com,Gobierno Portal 031,gobierno031.com
https://www.gobierno032.com,Gobierno Portal 032,gobierno032.com
https://www.gobierno033.com,Gobierno Portal 033,gobierno033.com
https://www.gobierno034.com,Gobierno Portal 034,gobierno034.com
https://www.gobierno035.com,Gobierno Portal 035,gobierno035.com
https://www.gobierno036.com,Gobierno Portal 036,gobierno036.com
https://www.gobierno037.com,Gobierno Portal 037,gobierno037.com
https://www.gobierno038.com,Gobierno Portal 038,gobierno038.com
https://www.gobierno039.com,Gobierno Portal 039,gobierno039.com
https://www.gobierno040.com,Gobierno Portal 040,gobierno040.com
https://www.gobierno041.com,Gobierno Portal 041,gobierno041.com
https://www.gobierno042.com,Gobierno Portal 042,gobierno042.com
https://www.gobierno043.com,Gobierno Portal 043,gobierno043.com
https://www.gobierno044.com,Gobierno Portal 044,gobierno044.com
https://www.gobierno045.com,Gobierno Portal 045,gobierno045.com
https://www.gobierno046.com,Gobierno Portal 046,gobierno046.com
https://www.gobierno047.com,Gobierno Portal 047,gobierno047.com
https://www.gobierno048.com,Gobierno Portal 048,gobierno048.com
https://www.gobierno049.com,Gobierno Portal 049,gobierno049.com
https://www.gobierno050.com,Gobierno Portal 050,gobierno050.com
https://www.gobierno051.com,Gobierno Portal 051,gobierno051.com
https://www.gobierno052.com,Gobierno Portal 052,gobierno052.com
https://www.gobierno053.com,Gobierno Portal 053,gobierno053.com
https://www.gobierno054.com,Gobierno Portal 054,gobierno054.com
https://www.gobierno055.com,Gobierno Portal 055,gobierno055.com
https://www.gobierno056.com,Gobierno Portal 056,gobierno056.com
https://www.gobierno057.com,Gobierno Portal 057,gobierno057.com
https://www.gobierno058.com,Gobierno Portal 058,gobierno058.com
https://www.gobierno059.com,Gobierno Portal 059,gobierno059.com
https://www.gobierno060.com,Gobierno Portal 060,gobierno060.com
https://www.gobierno061.com,Gobierno Portal 061,gobierno061.com
https://www.gobierno062.com,Gobierno Portal 062,gobierno062.com
https://www.gobierno063.com,Gobierno Portal 063,gobierno063.com
https://www.gobierno064.com,Gobierno Portal 064,gobierno064.com
https://www.gobierno065.com,Gobierno Portal 065,gobierno065.com
https://www.gobierno066.com,Gobierno Portal 066,gobierno066.com
https://www.gobierno067.com,Gobierno Portal 067,gobierno067.com
https://www.gobierno068.com,Gobierno Portal 068,gobierno068.com
https://www.gobierno069.com,Gobierno Portal 069,gobierno069.com
https://www.gobierno070.com,Gobierno Portal 070,gobierno070.com
https://www.gobierno071.com,Gobierno Portal 071,gobierno071.com
https://www.gobierno072.com,Gobierno Portal 072,gobierno072.com
https://www.gobierno073.com,Gobierno Portal 073,gobierno073.com
https://www.gobierno074.com,Gobierno Portal 074,gobierno074.com
https://www.gobierno075.com,Gobierno Portal 075,gobierno075.com
https://www.gobierno076.com,Gobierno Portal 076,gobierno076.com
https://www.gobierno077.com,Gobierno Portal 077,gobierno077.com
https://www.gobierno078.com,Gobierno Portal 078,gobierno078.com
https://www.gobierno079.com,Gobierno Portal 079,gobierno079.com
https://www.gobierno080.com,Gobierno Portal 080,gobierno080.com
https://www.gobierno081.com,Gobierno Portal 081,gobierno081.com
https://www.gobierno082.com,Gobierno Portal 082,gobierno082.com
https://www.gobierno083.com,Gobierno Portal 083,gobierno083.com
https://www.gobierno084.com,Gobierno Portal 084,gobierno084.com
https://www.gobierno085.com,Gobierno Portal 085,gobierno085.com
https://www.gobierno086.com,Gobierno Portal 086,gobierno086.com
https://www.gobierno087.com,Gobierno Portal 087,gobierno087.com
https://www.gobierno088.com,Gobierno Portal 088,gobierno088.com
https://www.gobierno089.com,Gobierno Portal 089,gobierno089.com
https://www.gobierno090.com,Gobierno Portal 090,gobierno090.com
https://www.gobierno091.com,Gobierno Portal 091,gobierno091.com
https://www.gobierno092.com,Gobierno Portal 092,gobierno092.com
https://www.gobierno093.com,Gobierno Portal 093,gobierno093.com
https://www.gobierno094.com,Gobierno Portal 094,gobierno094.com
https://www.gobierno095.com,Gobierno Portal 095,gobierno095.com
https://www.gobierno096.com,Gobierno Portal 096,gobierno096.com
https://www.gobierno097.com,Gobierno Portal 097,gobierno097.com
https://www.gobierno098.com,Gobierno Portal 098,gobierno098.com
https://www.gobierno099.com,Gobierno Portal 099,gobierno099.com
https://www.gobierno100.com,Gobierno Portal 100,gobierno100.com
https://www.salud001.com,Salud Portal 001,salud001.com
https://www.salud002.com,Salud Portal 002,salud002.com
https://www.salud003.com,Salud Portal 003,salud003.com
https://www.salud004.com,Salud Portal 004,salud004.com
https://www.salud005.com,Salud Portal 005,salud005.com
https://www.salud006.com,Salud Portal 006,salud006.com
https://www.salud007.com,Salud Portal 007,salud007.com
https://www.salud008.com,Salud Portal 008,salud008.com
https://www.salud009.com,Salud Portal 009,salud009.com
https://www.salud010.com,Salud Portal 010,salud010.com
https://www.salud011.com,Salud Portal 011,salud011.com
https://www.salud012.com,Salud Portal 012,salud012.com
https://www.salud013.com,Salud Portal 013,salud013.com
https://www.salud014.com,Salud Portal 014,salud014.com
https://www.salud015.com,Salud Portal 015,salud015.com
https://www.salud016.com,Salud Portal 016,salud016.com
https://www.salud017.com,Salud Portal 017,salud017.com
https://www.salud018.com,Salud Portal 018,salud018.com
https://www.salud019.com,Salud Portal 019,salud019.com
https://www.salud020.com,Salud Portal 020,salud020.com
https://www.salud021.com,Salud Portal 021,salud021.com
https://www.salud022.com,Salud Portal 022,salud022.com
https://www.salud023.com,Salud Portal 023,salud023.com
https://www.salud024.com,Salud Portal 024,salud024.com
https://www.salud025.com,Salud Portal 025,salud025.com
https://www.salud026.com,Salud Portal 026,salud026.com
https://www.salud027.com,Salud Portal 027,salud027.com
https://www.salud028.com,Salud Portal 028,salud028.com
https://www.salud029.com,Salud Portal 029,salud029.com
https://www.salud030.com,Salud Portal 030,salud030.com
https://www.salud031.com,Salud Portal 031,salud031.com
https://www.salud032.com,Salud Portal 032,salud032.com
https://www.salud033.com,Salud Portal 033,salud033.com
https://www.salud034.com,Salud Portal 034,salud034.com
https://www.salud035.com,Salud Portal 035,salud035.com
https://www.salud036.com,Salud Portal 036,salud036.com
https://www.salud037.com,Salud Portal 037,salud037.com
https://www.salud038.com,Salud Portal 038,salud038.com
https://www.salud039.com,Salud Portal 039,salud039.com
https://www.salud040.com,Salud Portal 040,salud040.com
https://www.salud041.com,Salud Portal 041,salud041.com
https://www.salud042.com,Salud Portal 042,salud042.com
https://www.salud043.com,Salud Portal 043,salud043.com
https://www.salud044.com,Salud Portal 044,salud044.com
https://www.salud045.com,Salud Portal 045,salud045.com
https://www.salud046.com,Salud Portal 046,salud046.com
https://www.salud047.com,Salud Portal 047,salud047.com
https://www.salud048.com,Salud Portal 048,salud048.com
https://www.salud049.com,Salud Portal 049,salud049.com
https://www.salud050.com,Salud Portal 050,salud050.com
https://www.salud051.com,Salud Portal 051,salud051.com
https://www.salud052.com,Salud Portal 052,salud052.com
https://www.salud053.com,Salud Portal 053,salud053.com
https://www.salud054.com,Salud Portal 054,salud054.com
https://www.salud055.com,Salud Portal 055,salud055.com
https://www.salud056.com,Salud Portal 056,salud056.com
https://www.salud057.com,Salud Portal 057,salud057.com
https://www.salud058.com,Salud Portal 058,salud058.com
https://www.salud059.com,Salud Portal 059,salud059.com
https://www.salud060.com,Salud Portal 060,salud060.com
https://www.salud061.com,Salud Portal 061,salud061.com
https://www.salud062.com,Salud Portal 062,salud062.com
https://www.salud063.com,Salud Portal 063,salud063.com
https://www.salud064.com,Salud Portal 064,salud064.com
https://www.salud065.com,Salud Portal 065,salud065.com
https://www.salud066.com,Salud Portal 066,salud066.com
https://www.salud067.com,Salud Portal 067,salud067.com
https://www.salud068.com,Salud Portal 068,salud068.com
https://www.salud069.com,Salud Portal 069,salud069.com
https://www.salud070.com,Salud Portal 070,salud070.com
https://www.salud071.com,Salud Portal 071,salud071.com
https://www.salud072.com,Salud Portal 072,salud072.com
https://www.salud073.com,Salud Portal 073,salud073.com
https://www.salud074.com,Salud Portal 074,salud074.com
https://www.salud075.com,Salud Portal 075,salud075.com
https://www.salud076.com,Salud Portal 076,salud076.com
https://www.salud077.com,Salud Portal 077,salud077.com
https://www.salud078.com,Salud Portal 078,salud078.com
https://www.salud079.com,Salud Portal 079,salud079.com
https://www.salud080.com,Salud Portal 080,salud080.com
https://www.salud081.com,Salud Portal 081,salud081.com
https://www.salud082.com,Salud Portal 082,salud082.com
https://www.salud083.com,Salud Portal 083,salud083.com
https://www.salud084.com,Salud Portal 084,salud084.com
https://www.salud085.com,Salud Portal 085,salud085.com
https://www.salud086.com,Salud Portal 086,salud086.com
https://www.salud087.com,Salud Portal 087,salud087.com
https://www.salud088.com,Salud Portal 088,salud088.com
https://www.salud089.com,Salud Portal 089,salud089.com
https://www.salud090.com,Salud Portal 090,salud090.com
https://www.salud091.com,Salud Portal 091,salud091.com
https://www.salud092.com,Salud Portal 092,salud092.com
https://www.salud093.com,Salud Portal 093,salud093.com
https://www.salud094.com,Salud Portal 094,salud094.com
https://www.salud095.com,Salud Portal 095,salud095.com
https://www.salud096.com,Salud Portal 096,salud096.com
https://www.salud097.com,Salud Portal 097,salud097.com
https://www.salud098.com,Salud Portal 098,salud098.com
https://www.salud099.com,Salud Portal 099,salud099.com
https://www.salud100.com,Salud Portal 100,salud100.com
https://www.deportes001.com,Deportes Portal 001,deportes001.com
https://www.deportes002.com,Deportes Portal 002,deportes002.com
https://www.deportes003.com,Deportes Portal 003,deportes003.com
https://www.deportes004.com,Deportes Portal 004,deportes004.com
https://www.deportes005.com,Deportes Portal 005,deportes005.com
https://www.deportes006.com,Deportes Portal 006,deportes006.com
https://www.deportes007.com,Deportes Portal 007,deportes007.com
https://www.deportes008.com,Deportes Portal 008,deportes008.com
https://www.deportes009.com,Deportes Portal 009,deportes009.com
https://www.deportes010.com,Deportes Portal 010,deportes010.com
https://www.deportes011.com,Deportes Portal 011,deportes011.com
https://www.deportes012.com,Deportes Portal 012,deportes012.com
https://www.deportes013.com,Deportes Portal 013,deportes013.com
https://www.deportes014.com,Deportes Portal 014,deportes014.com
https://www.deportes015.com,Deportes Portal 015,deportes015.com
https://www.deportes016.com,Deportes Portal 016,deportes016.com
https://www.deportes017.com,Deportes Portal 017,deportes017.com
https://www.deportes018.com,Deportes Portal 018,deportes018.com
https://www.deportes019.com,Deportes Portal 019,deportes019.com
https://www.deportes020.com,Deportes Portal 020,deportes020.com
https://www.deportes021.com,Deportes Portal 021,deportes021.com
https://www.deportes022.com,Deportes Portal 022,deportes022.com
https://www.deportes023.com,Deportes Portal 023,deportes023.com
https://www.deportes024.com,Deportes Portal 024,deportes024.com
https://www.deportes025.com,Deportes Portal 025,deportes025.com
https://www.deportes026.com,Deportes Portal 026,deportes026.com
https://www.deportes027.com,Deportes Portal 027,deportes027.com
https://www.deportes028.com,Deportes Portal 028,deportes028.com
https://www.deportes029.com,Deportes Portal 029,deportes029.com
https://www.deportes030.com,Deportes Portal 030,deportes030.com
https://www.deportes031.com,Deportes Portal 031,deportes031.com
https://www.deportes032.com,Deportes Portal 032,deportes032.com
https://www.deportes033.com,Deportes Portal 033,deportes033.com
https://www.deportes034.com,Deportes Portal 034,deportes034.com
https://www.deportes035.com,Deportes Portal 035,deportes035.com
https://www.deportes036.com,Deportes Portal 036,deportes036.com
https://www.deportes037.com,Deportes Portal 037,deportes037.com
https://www.deportes038.com,Deportes Portal 038,deportes038.com
https://www.deportes039.com,Deportes Portal 039,deportes039.com
https://www.deportes040.com,Deportes Portal 040,deportes040.com
https://www.deportes041.com,Deportes Portal 041,deportes041.com
https://www.deportes042.com,Deportes Portal 042,deportes042.com
https://www.deportes043.com,Deportes Portal 043,deportes043.com
https://www.deportes044.com,Deportes Portal 044,deportes044.com
https://www.deportes045.com,Deportes Portal 045,deportes045.com
https://www.deportes046.com,Deportes Portal 046,deportes046.com
https://www.deportes047.com,Deportes Portal 047,deportes047.com
https://www.deportes048.com,Deportes Portal 048,deportes048.com
https://www.deportes049.com,Deportes Portal 049,deportes049.com
https://www.deportes050.com,Deportes Portal 050,deportes050.com
https://www.deportes051.com,Deportes Portal 051,deportes051.com
https://www.deportes052.com,Deportes Portal 052,deportes052.com
https://www.deportes053.com,Deportes Portal 053,deportes053.com
https://www.deportes054.com,Deportes Portal 054,deportes054.com
https://www.deportes055.com,Deportes Portal 055,deportes055.com
https://www.deportes056.com,Deportes Portal 056,deportes056.com
https://www.deportes057.com,Deportes Portal 057,deportes057.com
https://www.deportes058.com,Deportes Portal 058,deportes058.com
https://www.deportes059.com,Deportes Portal 059,deportes059.com
https://www.deportes060.com,Deportes Portal 060,deportes060.com
https://www.deportes061.com,Deportes Portal 061,deportes061.com
https://www.deportes062.com,Deportes Portal 062,deportes062.com
https://www.deportes063.com,Deportes Portal 063,deportes063.com
https://www.deportes064.com,Deportes Portal 064,deportes064.com
https://www.deportes065.com,Deportes Portal 065,deportes065.com
https://www.deportes066.com,Deportes Portal 066,deportes066.com
https://www.deportes067.com,Deportes Portal 067,deportes067.com
https://www.deportes068.com,Deportes Portal 068,deportes068.com
https://www.deportes069.com,Deportes Portal 069,deportes069.com
https://www.deportes070.com,Deportes Portal 070,deportes070.com
https://www.deportes071.com,Deportes Portal 071,deportes071.com
https://www.deportes072.com,Deportes Portal 072,deportes072.com
https://www.deportes073.com,Deportes Portal 073,deportes073.com
https://www.deportes074.com,Deportes Portal 074,deportes074.com
https://www.deportes075.com,Deportes Portal 075,deportes075.com
https://www.deportes076.com,Deportes Portal 076,deportes076.com
https://www.deportes077.com,Deportes Portal 077,deportes077.com
https://www.deportes078.com,Deportes Portal 078,deportes078.com
https://www.deportes079.com,Deportes Portal 079,deportes079.com
https://www.deportes080.com,Deportes Portal 080,deportes080.com
https://www.deportes081.com,Deportes Portal 081,deportes081.com
https://www.deportes082.com,Deportes Portal 082,deportes082.com
https://www.deportes083.com,Deportes Portal 083,deportes083.com
https://www.deportes084.com,Deportes Portal 084,deportes084.com
https://www.deportes085.com,Deportes Portal 085,deportes085.com
https://www.deportes086.com,Deportes Portal 086,deportes086.com
https://www.deportes087.com,Deportes Portal 087,deportes087.com
https://www.deportes088.com,Deportes Portal 088,deportes088.com
https://www.deportes089.com,Deportes Portal 089,deportes089.com
https://www.deportes090.com,Deportes Portal 090,deportes090.com
https://www.deportes091.com,Deportes Portal 091,deportes091.com
https://www.deportes092.com,Deportes Portal 092,deportes092.com
https://www.deportes093.com,Deportes Portal 093,deportes093.com
https://www.deportes094.com,Deportes Portal 094,deportes094.com
https://www.deportes095.com,Deportes Portal 095,deportes095.com
https://www.deportes096.com,Deportes Portal 096,deportes096.com
https://www.deportes097.com,Deportes Portal 097,deportes097.com
https://www.deportes098.com,Deportes Portal 098,deportes098.com
https://www.deportes099.com,Deportes Portal 099,deportes099.com
https://www.deportes100.com,Deportes Portal 100,deportes100.com
https://www.ciencia001.com,Ciencia Portal 001,ciencia001.com
https://www.ciencia002.com,Ciencia Portal 002,ciencia002.com
https://www.ciencia003.com,Ciencia Portal 003,ciencia003.com
https://www.ciencia004.com,Ciencia Portal 004,ciencia004.com
https://www.ciencia005.com,Ciencia Portal 005,ciencia005.com
https://www.ciencia006.com,Ciencia Portal 006,ciencia006.com
https://www.ciencia007.com,Ciencia Portal 007,ciencia007.com
https://www.ciencia008.com,Ciencia Portal 008,ciencia008.com
https://www.ciencia009.com,Ciencia Portal 009,ciencia009.com
https://www.ciencia010.com,Ciencia Portal 010,ciencia010.com
https://www.ciencia011.com,Ciencia Portal 011,ciencia011.com
https://www.ciencia012.com,Ciencia Portal 012,ciencia012.com
https://www.ciencia013.com,Ciencia Portal 013,ciencia013.com
https://www.ciencia014.com,Ciencia Portal 014,ciencia014.com
https://www.ciencia015.com,Ciencia Portal 015,ciencia015.com
https://www.ciencia016.com,Ciencia Portal 016,ciencia016.com
https://www.ciencia017.com,Ciencia Portal 017,ciencia017.com
https://www.ciencia018.com,Ciencia Portal 018,ciencia018.com
https://www.ciencia019.com,Ciencia Portal 019,ciencia019.com
https://www.ciencia020.com,Ciencia Portal 020,ciencia020.com
https://www.ciencia021.com,Ciencia Portal 021,ciencia021.com
https://www.ciencia022.com,Ciencia Portal 022,ciencia022.com
https://www.ciencia023.com,Ciencia Portal 023,ciencia023.com
https://www.ciencia024.com,Ciencia Portal 024,ciencia024.com
https://www.ciencia025.com,Ciencia Portal 025,ciencia025.com
https://www.ciencia026.com,Ciencia Portal 026,ciencia026.com
https://www.ciencia027.com,Ciencia Portal 027,ciencia027.com
https://www.ciencia028.com,Ciencia Portal 028,ciencia028.com
https://www.ciencia029.com,Ciencia Portal 029,ciencia029.com
https://www.ciencia030.com,Ciencia Portal 030,ciencia030.com
https://www.ciencia031.com,Ciencia Portal 031,ciencia031.com
https://www.ciencia032.com,Ciencia Portal 032,ciencia032.com
https://www.ciencia033.com,Ciencia Portal 033,ciencia033.com
https://www.ciencia034.com,Ciencia Portal 034,ciencia034.com
https://www.ciencia035.com,Ciencia Portal 035,ciencia035.com
https://www.ciencia036.com,Ciencia Portal 036,ciencia036.com
https://www.ciencia037.com,Ciencia Portal 037,ciencia037.com
https://www.ciencia038.com,Ciencia Portal 038,ciencia038.com
https://www.ciencia039.com,Ciencia Portal 039,ciencia039.com
https://www.ciencia040.com,Ciencia Portal 040,ciencia040.com
https://www.ciencia041.com,Ciencia Portal 041,ciencia041.com
https://www.ciencia042.com,Ciencia Portal 042,ciencia042.com
https://www.ciencia043.com,Ciencia Portal 043,ciencia043.com
https://www.ciencia044.com,Ciencia Portal 044,ciencia044.com
https://www.ciencia045.com,Ciencia Portal 045,ciencia045.com
https://www.ciencia046.com,Ciencia Portal 046,ciencia046.com
https://www.ciencia047.com,Ciencia Portal 047,ciencia047.com
https://www.ciencia048.com,Ciencia Portal 048,ciencia048.com
https://www.ciencia049.com,Ciencia Portal 049,ciencia049.com
https://www.ciencia050.com,Ciencia Portal 050,ciencia050.com
https://www.ciencia051.com,Ciencia Portal 051,ciencia051.com
https://www.ciencia052.com,Ciencia Portal 052,ciencia052.com
https://www.ciencia053.com,Ciencia Portal 053,ciencia053.com
https://www.ciencia054.com,Ciencia Portal 054,ciencia054.com
https://www.ciencia055.com,Ciencia Portal 055,ciencia055.com
https://www.ciencia056.com,Ciencia Portal 056,ciencia056.com
https://www.ciencia057.com,Ciencia Portal 057,ciencia057.com
https://www.ciencia058.com,Ciencia Portal 058,ciencia058.com
https://www.ciencia059.com,Ciencia Portal 059,ciencia059.com
https://www.ciencia060.com,Ciencia Portal 060,ciencia060.com
https://www.ciencia061.com,Ciencia Portal 061,ciencia061.com
https://www.ciencia062.com,Ciencia Portal 062,ciencia062.com
https://www.ciencia063.com,Ciencia Portal 063,ciencia063.com
https://www.ciencia064.com,Ciencia Portal 064,ciencia064.com
https://www.ciencia065.com,Ciencia Portal 065,ciencia065.com
https://www.ciencia066.com,Ciencia Portal 066,ciencia066.com
https://www.ciencia067.com,Ciencia Portal 067,ciencia067.com
https://www.ciencia068.com,Ciencia Portal 068,ciencia068.com
https://www.ciencia069.com,Ciencia Portal 069,ciencia069.com
https://www.ciencia070.com,Ciencia Portal 070,ciencia070.com
https://www.ciencia071.com,Ciencia Portal 071,ciencia071.com
https://www.ciencia072.com,Ciencia Portal 072,ciencia072.com
https://www.ciencia073.com,Ciencia Portal 073,ciencia073.com
https://www.ciencia074.com,Ciencia Portal 074,ciencia074.com
https://www.ciencia075.com,Ciencia Portal 075,ciencia075.com
https://www.ciencia076.com,Ciencia Portal 076,ciencia076.com
https://www.ciencia077.com,Ciencia Portal 077,ciencia077.com
https://www.ciencia078.com,Ciencia Portal 078,ciencia078.com
https://www.ciencia079.com,Ciencia Portal 079,ciencia079.com
https://www.ciencia080.com,Ciencia Portal 080,ciencia080.com
https://www.ciencia081.com,Ciencia Portal 081,ciencia081.com
https://www.ciencia082.com,Ciencia Portal 082,ciencia082.com
https://www.ciencia083.com,Ciencia Portal 083,ciencia083.com
https://www.ciencia084.com,Ciencia Portal 084,ciencia084.com
https://www.ciencia085.com,Ciencia Portal 085,ciencia085.com
https://www.ciencia086.com,Ciencia Portal 086,ciencia086.com
https://www.ciencia087.com,Ciencia Portal 087,ciencia087.com
https://www.ciencia088.com,Ciencia Portal 088,ciencia088.com
https://www.ciencia089.com,Ciencia Portal 089,ciencia089.com
https://www.ciencia090.com,Ciencia Portal 090,ciencia090.com
https://www.ciencia091.com,Ciencia Portal 091,ciencia091.com
https://www.ciencia092.com,Ciencia Portal 092,ciencia092.com
https://www.ciencia093.com,Ciencia Portal 093,ciencia093.com
https://www.ciencia094.com,Ciencia Portal 094,ciencia094.com
https://www.ciencia095.com,Ciencia Portal 095,ciencia095.com
https://www.ciencia096.com,Ciencia Portal 096,ciencia096.com
https://www.ciencia097.com,Ciencia Portal 097,ciencia097.com
https://www.ciencia098.com,Ciencia Portal 098,ciencia098.com
https://www.ciencia099.com,Ciencia Portal 099,ciencia099.com
https://www.ciencia100.com,Ciencia Portal 100,ciencia100.com
