https://www.cnn.org/blog/1,Cobertura Global - Cnn 1,cnn.org
https://www.udemy.co/noticias/1,Capacitacion Online - Udemy 1,udemy.co
https://www.tripadvisor.com/noticias/1,Guias de Viaje - Tripadvisor 1,tripadvisor.com
https://www.paramount.co/inicio/1,Shows en Vivo - Paramount 1,paramount.co
https://www.paramount.io/blog/2,Animacion y Anime - Paramount 2,paramount.io
https://www.pinterest.com/articulos/1,Mensajeria Instantanea - Pinterest 1,pinterest.com
https://www.nih.net/blog/1,Salud Mental - Nih 1,nih.net
https://www.bbc.io/noticias/1,Reportajes Especiales - Bbc 1,bbc.io
https://www.rxlist.org/inicio/1,Investigacion Medica - Rxlist 1,rxlist.org
https://www.etsy.io/noticias/1,Comparador de Precios - Etsy 1,etsy.io
https://www.nhl.org/galeria/1,Baloncesto Profesional - Nhl 1,nhl.org
https://www.cnn.net/productos/2,Ultima Hora - Cnn 2,cnn.net
https://www.youtube.io/productos/1,Animacion y Anime - Youtube 1,youtube.io
https://www.healthline.org/servicios/1,Prevencion de Enfermedades - Healthline 1,healthline.org
https://www.marca.co/articulos/1,Cobertura Deportiva - Marca 1,marca.co
https://www.spotify.io/contacto/1,Contenido Original - Spotify 1,spotify.io
https://www.target.org/inicio/1,Productos Electronicos - Target 1,target.org
https://www.nvidia.io/productos/1,Ultimas Noticias Tech - Nvidia 1,nvidia.io
https://www.peacock.org/blog/1,Animacion y Anime - Peacock 1,peacock.org
https://www.agoda.net/productos/1,Destinos Turisticos - Agoda 1,agoda.net
https://www.paramount.co/productos/3,Podcasts - Paramount 3,paramount.co
https://www.priceline.io/servicios/1,Guias de Viaje - Priceline 1,priceline.io
https://www.udacity.io/noticias/1,Cursos en Linea - Udacity 1,udacity.io
https://www.reuters.net/contacto/1,Noticias Locales - Reuters 1,reuters.net
https://www.time.io/galeria/1,Noticias en Vivo - Time 1,time.io
https://www.bestbuy.co/inicio/1,Ofertas y Descuentos - Bestbuy 1,bestbuy.co
https://www.bestbuy.org/noticias/2,Moda y Ropa - Bestbuy 2,bestbuy.org
https://www.airbnb.io/inicio/1,Reservas Online - Airbnb 1,airbnb.io
https://www.walmart.co/noticias/1,Moda y Ropa - Walmart 1,walmart.co
https://www.wish.net/articulos/1,Artesanias y Manualidades - Wish 1,wish.net
https://www.udacity.co/inicio/2,Capacitacion Online - Udacity 2,udacity.co
https://www.medscape.com/noticias/1,Salud Mental - Medscape 1,medscape.com
https://www.sport.com/blog/1,Fantasy Sports - Sport 1,sport.com
https://www.bbc.io/noticias/2,Investigacion Periodistica - Bbc 2,bbc.io
https://www.edx.io/categoria/1,Certificaciones Profesionales - Edx 1,edx.io
https://www.mlb.co/contacto/1,Baloncesto Profesional - Mlb 1,mlb.co
https://www.target.org/contacto/2,Artesanias y Manualidades - Target 2,target.org
https://www.fidelity.io/noticias/1,Gestion Financiera - Fidelity 1,fidelity.io
https://www.youtube.org/inicio/2,Podcasts - Youtube 2,youtube.org
https://www.target.co/blog/3,Compras Online - Target 3,target.co
https://www.cnn.net/noticias/3,Noticias Internacionales - Cnn 3,cnn.net
https://www.mayoclinic.co/blog/1,Nutricion y Dieta - Mayoclinic 1,mayoclinic.co
https://www.citibank.co/articulos/1,Prestamos y Creditos - Citibank 1,citibank.co
https://www.discord.net/buscar/1,Mensajeria Instantanea - Discord 1,discord.net
https://www.youtube.com/contacto/3,Entretenimiento Familiar - Youtube 3,youtube.com
https://www.hotels.io/inicio/1,Vuelos Baratos - Hotels 1,hotels.io
https://www.intel.org/noticias/1,Software y Apps - Intel 1,intel.org
https://www.twitch.co/buscar/1,Musica en Linea - Twitch 1,twitch.co
https://www.airbnb.org/buscar/2,Guias de Viaje - Airbnb 2,airbnb.org
https://www.guardian.co/noticias/1,Noticias Internacionales - Guardian 1,guardian.co
https://www.ebay.com/blog/1,Marketplace Global - Ebay 1,ebay.com
https://www.agoda.io/blog/2,Viajes de Aventura - Agoda 2,agoda.io
https://www.apple.io/inicio/1,Ciberseguridad - Apple 1,apple.io
https://www.nfl.org/contacto/1,Cobertura Deportiva - Nfl 1,nfl.org
https://www.wellsfargo.net/productos/1,Gestion Financiera - Wellsfargo 1,wellsfargo.net
https://www.lg.co/inicio/1,Cloud Computing - Lg 1,lg.co
https://www.google.co/buscar/1,Big Data - Google 1,google.co
https://www.walmart.com/categoria/2,Ofertas y Descuentos - Walmart 2,walmart.com
https://www.udemy.co/noticias/2,Educacion Superior - Udemy 2,udemy.co
https://www.booking.co/blog/1,Opiniones de Viajeros - Booking 1,booking.co
https://www.twitter.co/noticias/1,Mensajeria Instantanea - Twitter 1,twitter.co
https://www.whatsapp.co/servicios/1,Tablero de Ideas - Whatsapp 1,whatsapp.co
https://www.hbo.net/productos/1,Documentales - Hbo 1,hbo.net
https://www.duolingo.io/servicios/1,Aprendizaje Digital - Duolingo 1,duolingo.io
https://www.samsung.co/galeria/1,Ultimas Noticias Tech - Samsung 1,samsung.co
https://www.nytimes.net/categoria/1,Periodismo Digital - Nytimes 1,nytimes.net
https://www.mit.com/blog/1,Formacion Continua - Mit 1,mit.com
https://www.as.io/categoria/1,Analisis Deportivo - As 1,as.io
https://www.telegram.com/categoria/1,Tablero de Ideas - Telegram 1,telegram.com
https://www.reuters.org/noticias/2,Ultima Hora - Reuters 2,reuters.org
https://www.walmart.org/productos/3,Envios Internacionales - Walmart 3,walmart.org
https://www.hbo.net/productos/2,Shows en Vivo - Hbo 2,hbo.net
https://www.paypal.com/noticias/1,Finanzas Personales - Paypal 1,paypal.com
https://www.espn.com/servicios/1,Futbol Mundial - Espn 1,espn.com
https://www.as.io/categoria/2,Marcadores en Tiempo Real - As 2,as.io
https://www.ebay.com/noticias/2,Marketplace Global - Ebay 2,ebay.com
https://www.ebay.org/galeria/3,Comparador de Precios - Ebay 3,ebay.org
https://www.harvard.net/inicio/1,Tutoriales Interactivos - Harvard 1,harvard.net
https://www.webmd.org/blog/1,Prevencion de Enfermedades - Webmd 1,webmd.org
https://www.forbes.co/contacto/1,Noticias Locales - Forbes 1,forbes.co
https://www.khanacademy.net/articulos/1,Recursos Educativos - Khanacademy 1,khanacademy.net
https://www.apple.org/contacto/2,Software y Apps - Apple 2,apple.org
https://www.as.com/contacto/3,Deportes en Vivo - As 3,as.com
https://www.citibank.net/buscar/2,Mercado de Valores - Citibank 2,citibank.net
https://www.sport.net/inicio/2,Baloncesto Profesional - Sport 2,sport.net
https://www.skyscanner.org/noticias/1,Reservas Online - Skyscanner 1,skyscanner.org
https://www.everydayhealth.io/categoria/1,Salud Mental - Everydayhealth 1,everydayhealth.io
https://www.microsoft.org/articulos/1,Internet de las Cosas - Microsoft 1,microsoft.org
https://www.espn.com/galeria/2,Marcadores en Tiempo Real - Espn 2,espn.com
https://www.who.io/galeria/1,Consejos de Salud - Who 1,who.io
https://www.time.co/blog/2,Periodismo Digital - Time 2,time.co
https://www.intel.com/categoria/2,Big Data - Intel 2,intel.com
https://www.hbo.io/noticias/3,Entretenimiento Familiar - Hbo 3,hbo.io
https://www.tiktok.com/productos/1,Mensajeria Segura - Tiktok 1,tiktok.com
https://www.nba.org/contacto/1,Analisis Deportivo - Nba 1,nba.org
https://www.walmart.net/contacto/4,Supermercado Virtual - Walmart 4,walmart.net
https://www.skillshare.co/productos/1,Recursos Educativos - Skillshare 1,skillshare.co
https://www.ebay.org/productos/4,Productos Electronicos - Ebay 4,ebay.org
https://www.priceline.co/servicios/2,Turismo Cultural - Priceline 2,priceline.co
https://www.robinhood.net/categoria/1,Trading Online - Robinhood 1,robinhood.net
https://www.udemy.org/categoria/3,Capacitacion Online - Udemy 3,udemy.org
https://www.mayoclinic.net/productos/2,Prevencion de Enfermedades - Mayoclinic 2,mayoclinic.net
https://www.spotify.com/inicio/2,Gaming en Vivo - Spotify 2,spotify.com
https://www.schwab.com/buscar/1,Finanzas Personales - Schwab 1,schwab.com
https://www.reddit.io/buscar/1,Mensajeria Instantanea - Reddit 1,reddit.io
https://www.spotify.com/noticias/3,Documentales - Spotify 3,spotify.com
https://www.spotify.co/buscar/4,Streaming de Video - Spotify 4,spotify.co
https://www.target.com/buscar/4,Marketplace Global - Target 4,target.com
https://www.fidelity.co/galeria/2,Mercado de Valores - Fidelity 2,fidelity.co
https://www.schwab.co/contacto/2,Tarjetas de Credito - Schwab 2,schwab.co
https://www.wellsfargo.io/buscar/2,Seguros y Pensiones - Wellsfargo 2,wellsfargo.io
https://www.disney.co/buscar/1,Gaming en Vivo - Disney 1,disney.co
https://www.nfl.com/productos/2,Baloncesto Profesional - Nfl 2,nfl.com
https://www.fifa.org/categoria/1,Resultados y Estadisticas - Fifa 1,fifa.org
https://www.edx.net/contacto/2,Certificaciones Profesionales - Edx 2,edx.net
https://www.youtube.io/contacto/4,Entretenimiento Familiar - Youtube 4,youtube.io
https://www.mercadolibre.io/inicio/1,Productos Electronicos - Mercadolibre 1,mercadolibre.io
https://www.hotels.co/inicio/2,Opiniones de Viajeros - Hotels 2,hotels.co
https://www.agoda.com/servicios/3,Reservas Online - Agoda 3,agoda.com
https://www.hotels.co/categoria/3,Opiniones de Viajeros - Hotels 3,hotels.co
https://www.crunchyroll.net/productos/1,Documentales - Crunchyroll 1,crunchyroll.net
https://www.bankofamerica.io/servicios/1,Finanzas Personales - Bankofamerica 1,bankofamerica.io
https://www.stanford.net/galeria/1,E-Learning - Stanford 1,stanford.net
https://www.intel.co/galeria/3,Innovacion Tecnologica - Intel 3,intel.co
https://www.time.net/buscar/3,Analisis Mundial - Time 3,time.net
https://www.meta.io/servicios/1,Software y Apps - Meta 1,meta.io
https://www.stripe.org/contacto/1,Seguros y Pensiones - Stripe 1,stripe.org
https://www.kayak.com/buscar/1,Hoteles y Alojamiento - Kayak 1,kayak.com
https://www.ebay.org/blog/5,Ofertas y Descuentos - Ebay 5,ebay.org
https://www.google.net/blog/2,Innovacion Tecnologica - Google 2,google.net
https://www.linkedin.net/articulos/1,Servidor de Gaming - Linkedin 1,linkedin.net
https://www.washingtonpost.net/buscar/1,Periodismo Digital - Washingtonpost 1,washingtonpost.net
https://www.healthline.co/galeria/2,Salud y Bienestar - Healthline 2,healthline.co
https://www.duolingo.com/galeria/2,Cursos en Linea - Duolingo 2,duolingo.com
https://www.nhl.io/contacto/2,Baloncesto Profesional - Nhl 2,nhl.io
https://www.washingtonpost.net/noticias/2,Periodismo Digital - Washingtonpost 2,washingtonpost.net
https://www.instagram.co/inicio/1,Videos Cortos - Instagram 1,instagram.co
https://www.aliexpress.org/noticias/1,Comparador de Precios - Aliexpress 1,aliexpress.org
https://www.webmd.io/buscar/2,Salud y Bienestar - Webmd 2,webmd.io
https://www.skyscanner.io/articulos/2,Viajes de Aventura - Skyscanner 2,skyscanner.io
https://www.udacity.org/galeria/3,E-Learning - Udacity 3,udacity.org
https://www.robinhood.io/galeria/2,Seguros y Pensiones - Robinhood 2,robinhood.io
https://www.medlineplus.com/productos/1,Investigacion Medica - Medlineplus 1,medlineplus.com
https://www.crunchyroll.co/galeria/2,Documentales - Crunchyroll 2,crunchyroll.co
https://www.webmd.io/servicios/3,Medicamentos y Tratamientos - Webmd 3,webmd.io
https://www.citibank.org/productos/3,Mercado de Valores - Citibank 3,citibank.org
https://www.nhl.org/categoria/3,Deportes en Vivo - Nhl 3,nhl.org
https://www.target.com/blog/5,Supermercado Virtual - Target 5,target.com
https://www.fidelity.net/buscar/3,Trading Online - Fidelity 3,fidelity.net
https://www.bankofamerica.com/productos/2,Gestion Financiera - Bankofamerica 2,bankofamerica.com
https://www.expedia.org/galeria/1,Experiencias Locales - Expedia 1,expedia.org
https://www.fidelity.co/servicios/4,Finanzas Personales - Fidelity 4,fidelity.co
https://www.costco.org/buscar/1,Moda y Ropa - Costco 1,costco.org
https://www.goal.net/noticias/1,Baloncesto Profesional - Goal 1,goal.net
https://www.mayoclinic.co/articulos/3,Prevencion de Enfermedades - Mayoclinic 3,mayoclinic.co
https://www.crunchyroll.org/galeria/3,Shows en Vivo - Crunchyroll 3,crunchyroll.org
https://www.pinterest.com/blog/2,Tablero de Ideas - Pinterest 2,pinterest.com
https://www.hbo.net/productos/4,Streaming de Video - Hbo 4,hbo.net
https://www.walmart.org/inicio/5,Compras Online - Walmart 5,walmart.org
https://www.bestbuy.net/buscar/3,Ofertas y Descuentos - Bestbuy 3,bestbuy.net
https://www.lg.org/buscar/2,Desarrollo Web - Lg 2,lg.org
https://www.stripe.net/inicio/2,Seguros y Pensiones - Stripe 2,stripe.net
https://www.jpmorgan.com/contacto/1,Trading Online - Jpmorgan 1,jpmorgan.com
https://www.washingtonpost.com/articulos/3,Analisis Mundial - Washingtonpost 3,washingtonpost.com
https://www.pinterest.com/blog/3,Microblogging - Pinterest 3,pinterest.com
https://www.aliexpress.co/galeria/2,Envios Internacionales - Aliexpress 2,aliexpress.co
https://www.paramount.io/buscar/4,Animacion y Anime - Paramount 4,paramount.io
https://www.nhl.io/productos/4,Fantasy Sports - Nhl 4,nhl.io
https://www.twitter.co/noticias/2,Foro Comunitario - Twitter 2,twitter.co
https://www.disney.com/articulos/2,Gaming en Vivo - Disney 2,disney.com
https://www.udacity.com/articulos/4,Cursos en Linea - Udacity 4,udacity.com
https://www.agoda.co/buscar/4,Reservas Online - Agoda 4,agoda.co
https://www.amazon.org/productos/1,Desarrollo Web - Amazon 1,amazon.org
https://www.ap.org/galeria/1,Cobertura Global - Ap 1,ap.org
https://www.booking.co/blog/2,Destinos Turisticos - Booking 2,booking.co
https://www.as.com/inicio/4,Futbol Mundial - As 4,as.com
https://www.nhl.co/productos/5,Ligas Internacionales - Nhl 5,nhl.co
https://www.guardian.org/contacto/2,Periodismo Digital - Guardian 2,guardian.org
https://www.shopify.io/buscar/1,Ofertas y Descuentos - Shopify 1,shopify.io
https://www.twitter.io/servicios/3,Mensajeria Global - Twitter 3,twitter.io
https://www.espn.com/blog/3,Fantasy Sports - Espn 3,espn.com
https://www.twitter.org/galeria/4,Red Social - Twitter 4,twitter.org
https://www.stanford.co/buscar/2,Tutoriales Interactivos - Stanford 2,stanford.co
https://www.skillshare.io/buscar/2,Aprendizaje Digital - Skillshare 2,skillshare.io
https://www.stripe.io/servicios/3,Mercado de Valores - Stripe 3,stripe.io
https://www.reuters.org/contacto/3,Noticias en Vivo - Reuters 3,reuters.org
https://www.nba.co/inicio/2,Ligas Internacionales - Nba 2,nba.co
https://www.forbes.org/servicios/2,Ultima Hora - Forbes 2,forbes.org
https://www.orbitz.com/categoria/1,Turismo Cultural - Orbitz 1,orbitz.com
https://www.tripadvisor.net/categoria/2,Experiencias Locales - Tripadvisor 2,tripadvisor.net
https://www.discord.io/inicio/2,Foro Comunitario - Discord 2,discord.io
https://www.mlb.net/productos/2,Ligas Internacionales - Mlb 2,mlb.net
https://www.jpmorgan.com/galeria/2,Gestion Financiera - Jpmorgan 2,jpmorgan.com
https://www.duolingo.co/inicio/3,E-Learning - Duolingo 3,duolingo.co
https://www.booking.net/noticias/3,Turismo Cultural - Booking 3,booking.net
https://www.reuters.io/productos/4,Investigacion Periodistica - Reuters 4,reuters.io
https://www.nba.io/buscar/3,Baloncesto Profesional - Nba 3,nba.io
https://www.fidelity.net/contacto/5,Gestion Financiera - Fidelity 5,fidelity.net
https://www.telegram.net/noticias/2,Tablero de Ideas - Telegram 2,telegram.net
https://www.skyscanner.co/productos/3,Hoteles y Alojamiento - Skyscanner 3,skyscanner.co
https://www.goal.co/galeria/2,Ligas Internacionales - Goal 2,goal.co
https://www.stanford.co/buscar/3,Formacion Continua - Stanford 3,stanford.co
https://www.everydayhealth.co/contacto/2,Investigacion Medica - Everydayhealth 2,everydayhealth.co
https://www.medlineplus.net/galeria/2,Guias de Sintomas - Medlineplus 2,medlineplus.net
https://www.hulu.com/servicios/1,Animacion y Anime - Hulu 1,hulu.com
https://www.hotels.net/buscar/4,Hoteles y Alojamiento - Hotels 4,hotels.net
https://www.udacity.co/servicios/5,Aprendizaje Digital - Udacity 5,udacity.co
https://www.jpmorgan.co/buscar/3,Banca Digital - Jpmorgan 3,jpmorgan.co
https://www.harvard.net/noticias/2,Campus Virtual - Harvard 2,harvard.net
https://www.fifa.co/contacto/2,Resultados y Estadisticas - Fifa 2,fifa.co
https://www.everydayhealth.io/servicios/3,Investigacion Medica - Everydayhealth 3,everydayhealth.io
https://www.ebay.co/noticias/6,Productos Electronicos - Ebay 6,ebay.co
https://www.sport.com/contacto/3,Resultados y Estadisticas - Sport 3,sport.com
https://www.guardian.net/productos/3,Noticias Internacionales - Guardian 3,guardian.net
https://www.nvidia.com/productos/2,Cloud Computing - Nvidia 2,nvidia.com
https://www.cdc.net/blog/1,Consejos de Salud - Cdc 1,cdc.net
https://www.priceline.net/articulos/3,Destinos Turisticos - Priceline 3,priceline.net
https://www.washingtonpost.io/galeria/4,Cobertura Global - Washingtonpost 4,washingtonpost.io
https://www.schwab.net/blog/3,Trading Online - Schwab 3,schwab.net
https://www.nfl.org/inicio/3,Ligas Internacionales - Nfl 3,nfl.org
https://www.mlb.net/noticias/3,Ligas Internacionales - Mlb 3,mlb.net
https://www.rxlist.org/contacto/2,Nutricion y Dieta - Rxlist 2,rxlist.org
https://www.paypal.net/contacto/2,Trading Online - Paypal 2,paypal.net
https://www.ap.io/galeria/2,Reportajes Especiales - Ap 2,ap.io
https://www.pinterest.org/inicio/4,Mensajeria Instantanea - Pinterest 4,pinterest.org
https://www.espn.co/inicio/4,Fantasy Sports - Espn 4,espn.co
https://www.paypal.net/galeria/3,Mercado de Valores - Paypal 3,paypal.net
https://www.twitch.co/productos/2,Musica en Linea - Twitch 2,twitch.co
https://www.cnn.org/buscar/4,Noticias Internacionales - Cnn 4,cnn.org
https://www.tiktok.net/noticias/2,Tablero de Ideas - Tiktok 2,tiktok.net
https://www.cdc.net/blog/2,Medicamentos y Tratamientos - Cdc 2,cdc.net
https://www.costco.co/categoria/2,Moda y Ropa - Costco 2,costco.co
https://www.duolingo.io/productos/4,Formacion Continua - Duolingo 4,duolingo.io
https://www.guardian.com/articulos/4,Cobertura Global - Guardian 4,guardian.com
https://www.orbitz.org/noticias/2,Viajes de Aventura - Orbitz 2,orbitz.org
https://www.meta.co/noticias/2,Desarrollo Web - Meta 2,meta.co
https://www.nih.co/contacto/2,Salud Mental - Nih 2,nih.co
https://www.ap.io/inicio/3,Noticias Locales - Ap 3,ap.io
https://www.costco.co/blog/3,Ofertas y Descuentos - Costco 3,costco.co
https://www.paypal.io/noticias/4,Criptomonedas - Paypal 4,paypal.io
https://www.google.org/buscar/3,Ultimas Noticias Tech - Google 3,google.org
https://www.ap.co/articulos/4,Opinion y Debate - Ap 4,ap.co
https://www.stripe.co/contacto/4,Prestamos y Creditos - Stripe 4,stripe.co
https://www.harvard.com/buscar/3,Capacitacion Online - Harvard 3,harvard.com
https://www.kayak.com/servicios/2,Guias de Viaje - Kayak 2,kayak.com
https://www.robinhood.net/servicios/3,Inversiones en Linea - Robinhood 3,robinhood.net
https://www.everydayhealth.org/inicio/4,Guias de Sintomas - Everydayhealth 4,everydayhealth.org
https://www.sport.com/buscar/4,Resultados y Estadisticas - Sport 4,sport.com
https://www.peacock.com/inicio/2,Entretenimiento Familiar - Peacock 2,peacock.com
https://www.spotify.co/blog/5,Peliculas y Series - Spotify 5,spotify.co
https://www.target.co/blog/6,Productos Electronicos - Target 6,target.co
https://www.healthline.co/inicio/3,Nutricion y Dieta - Healthline 3,healthline.co
https://www.edx.co/productos/3,Certificaciones Profesionales - Edx 3,edx.co
https://www.cnn.net/inicio/5,Reportajes Especiales - Cnn 5,cnn.net
https://www.peacock.org/inicio/3,Musica en Linea - Peacock 3,peacock.org
https://www.espn.net/contacto/5,Cobertura Deportiva - Espn 5,espn.net
https://www.bbc.io/buscar/3,Reportajes Especiales - Bbc 3,bbc.io
https://www.wish.com/buscar/2,Comparador de Precios - Wish 2,wish.com
https://www.peacock.com/categoria/4,Contenido Original - Peacock 4,peacock.com
https://www.bankofamerica.com/buscar/3,Finanzas Personales - Bankofamerica 3,bankofamerica.com
https://www.booking.io/buscar/4,Vuelos Baratos - Booking 4,booking.io
https://www.forbes.co/articulos/3,Ultima Hora - Forbes 3,forbes.co
https://www.duolingo.co/galeria/5,E-Learning - Duolingo 5,duolingo.co
https://www.cdc.co/categoria/3,Nutricion y Dieta - Cdc 3,cdc.co
https://www.fidelity.co/contacto/6,Inversiones en Linea - Fidelity 6,fidelity.co
https://www.nytimes.net/contacto/2,Noticias en Vivo - Nytimes 2,nytimes.net
https://www.hulu.org/buscar/2,Documentales - Hulu 2,hulu.org
https://www.booking.org/contacto/5,Experiencias Locales - Booking 5,booking.org
https://www.fifa.net/buscar/3,Resultados y Estadisticas - Fifa 3,fifa.net
https://www.bbc.com/contacto/4,Ultima Hora - Bbc 4,bbc.com
https://www.healthline.co/inicio/4,Enciclopedia Medica - Healthline 4,healthline.co
https://www.shopify.org/noticias/2,Supermercado Virtual - Shopify 2,shopify.org
https://www.cdc.com/productos/4,Enciclopedia Medica - Cdc 4,cdc.com
https://www.fifa.com/galeria/4,Cobertura Deportiva - Fifa 4,fifa.com
https://www.spotify.io/blog/6,Peliculas y Series - Spotify 6,spotify.io
https://www.everydayhealth.org/noticias/5,Nutricion y Dieta - Everydayhealth 5,everydayhealth.org
https://www.reddit.io/categoria/2,Mensajeria Global - Reddit 2,reddit.io
https://www.telegram.com/galeria/3,Tablero de Ideas - Telegram 3,telegram.com
https://www.apple.org/productos/3,Cloud Computing - Apple 3,apple.org
https://www.webmd.net/articulos/4,Enciclopedia Medica - Webmd 4,webmd.net
https://www.booking.net/inicio/6,Vuelos Baratos - Booking 6,booking.net
https://www.target.io/contacto/7,Tecnologia y Gaming - Target 7,target.io
https://www.healthline.org/productos/5,Salud Mental - Healthline 5,healthline.org
https://www.whatsapp.com/inicio/2,Red Profesional - Whatsapp 2,whatsapp.com
https://www.skillshare.com/noticias/3,Tutoriales Interactivos - Skillshare 3,skillshare.com
https://www.coinbase.io/galeria/1,Trading Online - Coinbase 1,coinbase.io
https://www.kayak.net/categoria/3,Vuelos Baratos - Kayak 3,kayak.net
https://www.cdc.com/productos/5,Enciclopedia Medica - Cdc 5,cdc.com
https://www.fidelity.org/inicio/7,Gestion Financiera - Fidelity 7,fidelity.org
https://www.priceline.com/inicio/4,Guias de Viaje - Priceline 4,priceline.com
https://www.sport.net/productos/5,Analisis Deportivo - Sport 5,sport.net
https://www.mayoclinic.com/buscar/4,Guias de Sintomas - Mayoclinic 4,mayoclinic.com
https://www.edx.io/categoria/4,Educacion Superior - Edx 4,edx.io
https://www.shopify.org/noticias/3,Supermercado Virtual - Shopify 3,shopify.org
https://www.intel.com/buscar/4,Ultimas Noticias Tech - Intel 4,intel.com
https://www.rxlist.io/galeria/3,Guias de Sintomas - Rxlist 3,rxlist.io
https://www.kayak.com/contacto/4,Hoteles y Alojamiento - Kayak 4,kayak.com
https://www.healthline.co/buscar/6,Salud Mental - Healthline 6,healthline.co
https://www.time.com/blog/4,Opinion y Debate - Time 4,time.com
https://www.snapchat.co/noticias/1,Mensajeria Instantanea - Snapchat 1,snapchat.co
https://www.fifa.net/servicios/5,Futbol Mundial - Fifa 5,fifa.net
https://www.nytimes.com/categoria/3,Investigacion Periodistica - Nytimes 3,nytimes.com
https://www.hbo.org/articulos/5,Gaming en Vivo - Hbo 5,hbo.org
https://www.reuters.org/blog/5,Analisis Mundial - Reuters 5,reuters.org
https://www.linkedin.com/articulos/2,Servidor de Gaming - Linkedin 2,linkedin.com
https://www.schwab.co/buscar/4,Prestamos y Creditos - Schwab 4,schwab.co
https://www.tiktok.org/articulos/3,Servidor de Gaming - Tiktok 3,tiktok.org
https://www.guardian.io/productos/5,Periodismo Digital - Guardian 5,guardian.io
https://www.twitter.org/categoria/5,Microblogging - Twitter 5,twitter.org
https://www.nfl.io/inicio/4,Deportes en Vivo - Nfl 4,nfl.io
https://www.nih.com/noticias/3,Enciclopedia Medica - Nih 3,nih.com
https://www.telegram.io/buscar/4,Mensajeria Global - Telegram 4,telegram.io
https://www.ebay.io/galeria/7,Productos Electronicos - Ebay 7,ebay.io
https://www.rxlist.io/categoria/4,Medicamentos y Tratamientos - Rxlist 4,rxlist.io
https://www.samsung.com/servicios/2,Ultimas Noticias Tech - Samsung 2,samsung.com
https://www.walmart.com/blog/6,Tecnologia y Gaming - Walmart 6,walmart.com
https://www.fidelity.co/galeria/8,Criptomonedas - Fidelity 8,fidelity.co
https://www.who.org/contacto/2,Guias de Sintomas - Who 2,who.org
https://www.rxlist.com/servicios/5,Salud y Bienestar - Rxlist 5,rxlist.com
https://www.mayoclinic.co/contacto/5,Nutricion y Dieta - Mayoclinic 5,mayoclinic.co
https://www.nhl.net/servicios/6,Resultados y Estadisticas - Nhl 6,nhl.net
https://www.linkedin.org/productos/3,Mensajeria Instantanea - Linkedin 3,linkedin.org
https://www.skillshare.com/productos/4,E-Learning - Skillshare 4,skillshare.com
https://www.skyscanner.net/categoria/4,Vuelos Baratos - Skyscanner 4,skyscanner.net
https://www.orbitz.org/inicio/3,Experiencias Locales - Orbitz 3,orbitz.org
https://www.as.net/servicios/5,Ligas Internacionales - As 5,as.net
https://www.twitch.net/articulos/3,Peliculas y Series - Twitch 3,twitch.net
https://www.marca.co/categoria/2,Cobertura Deportiva - Marca 2,marca.co
https://www.nvidia.co/articulos/3,Internet de las Cosas - Nvidia 3,nvidia.co
https://www.airbnb.net/articulos/3,Opiniones de Viajeros - Airbnb 3,airbnb.net
https://www.stanford.com/contacto/4,Formacion Continua - Stanford 4,stanford.com
https://www.crunchyroll.co/productos/4,Animacion y Anime - Crunchyroll 4,crunchyroll.co
https://www.paramount.net/productos/5,Animacion y Anime - Paramount 5,paramount.net
https://www.hbo.co/buscar/6,Animacion y Anime - Hbo 6,hbo.co
https://www.nba.co/categoria/4,Marcadores en Tiempo Real - Nba 4,nba.co
https://www.khanacademy.co/articulos/2,Tutoriales Interactivos - Khanacademy 2,khanacademy.co
https://www.samsung.org/categoria/3,Ultimas Noticias Tech - Samsung 3,samsung.org
https://www.etsy.org/noticias/2,Marketplace Global - Etsy 2,etsy.org
https://www.nfl.co/articulos/5,Marcadores en Tiempo Real - Nfl 5,nfl.co
https://www.ap.io/servicios/5,Noticias Internacionales - Ap 5,ap.io
https://www.tripadvisor.io/categoria/3,Experiencias Locales - Tripadvisor 3,tripadvisor.io
https://www.hulu.com/servicios/3,Gaming en Vivo - Hulu 3,hulu.com
https://www.nvidia.com/servicios/4,Gadgets y Dispositivos - Nvidia 4,nvidia.com
https://www.coursera.org/buscar/1,Certificaciones Profesionales - Coursera 1,coursera.org
https://www.robinhood.co/inicio/4,Inversiones en Linea - Robinhood 4,robinhood.co
https://www.meta.net/articulos/3,Big Data - Meta 3,meta.net
https://www.telegram.io/noticias/5,Tablero de Ideas - Telegram 5,telegram.io
https://www.disney.com/inicio/3,Gaming en Vivo - Disney 3,disney.com
https://www.priceline.io/noticias/5,Vuelos Baratos - Priceline 5,priceline.io
https://www.schwab.co/inicio/5,Tarjetas de Credito - Schwab 5,schwab.co
https://www.reddit.net/productos/3,Mensajeria Instantanea - Reddit 3,reddit.net
https://www.lg.org/blog/3,Internet de las Cosas - Lg 3,lg.org
https://www.airbnb.com/categoria/4,Experiencias Locales - Airbnb 4,airbnb.com
https://www.nytimes.co/categoria/4,Investigacion Periodistica - Nytimes 4,nytimes.co
https://www.ebay.io/buscar/8,Compras Online - Ebay 8,ebay.io
https://www.skyscanner.org/inicio/5,Experiencias Locales - Skyscanner 5,skyscanner.org
https://www.forbes.net/noticias/4,Noticias Locales - Forbes 4,forbes.net
https://www.healthline.com/servicios/7,Consejos de Salud - Healthline 7,healthline.com
https://www.healthline.io/buscar/8,Medicamentos y Tratamientos - Healthline 8,healthline.io
https://www.udemy.io/inicio/4,Tutoriales Interactivos - Udemy 4,udemy.io
https://www.netflix.net/inicio/1,Entretenimiento Familiar - Netflix 1,netflix.net
https://www.mlb.io/categoria/4,Ligas Internacionales - Mlb 4,mlb.io
https://www.espn.net/productos/6,Transferencias - Espn 6,espn.net
https://www.nvidia.org/noticias/5,Cloud Computing - Nvidia 5,nvidia.org
https://www.hotels.io/contacto/5,Experiencias Locales - Hotels 5,hotels.io
https://www.stanford.io/servicios/5,E-Learning - Stanford 5,stanford.io
https://www.marca.io/noticias/3,Marcadores en Tiempo Real - Marca 3,marca.io
https://www.linkedin.co/productos/4,Videos Cortos - Linkedin 4,linkedin.co
https://www.bbc.org/productos/5,Periodismo Digital - Bbc 5,bbc.org
https://www.schwab.io/articulos/6,Trading Online - Schwab 6,schwab.io
https://www.medscape.com/servicios/2,Enciclopedia Medica - Medscape 2,medscape.com
https://www.kayak.com/noticias/5,Viajes de Aventura - Kayak 5,kayak.com
https://www.everydayhealth.net/inicio/6,Medicamentos y Tratamientos - Everydayhealth 6,everydayhealth.net
https://www.discord.com/articulos/3,Microblogging - Discord 3,discord.com
https://www.hbo.org/contacto/7,Podcasts - Hbo 7,hbo.org
https://www.lg.net/buscar/4,Cloud Computing - Lg 4,lg.net
https://www.medscape.com/galeria/3,Medicamentos y Tratamientos - Medscape 3,medscape.com
https://www.costco.io/servicios/4,Moda y Ropa - Costco 4,costco.io
https://www.youtube.com/articulos/5,Animacion y Anime - Youtube 5,youtube.com
https://www.aliexpress.co/noticias/3,Moda y Ropa - Aliexpress 3,aliexpress.co
https://www.nfl.net/galeria/6,Analisis Deportivo - Nfl 6,nfl.net
https://www.citibank.com/articulos/4,Inversiones en Linea - Citibank 4,citibank.com
https://www.wellsfargo.io/noticias/3,Mercado de Valores - Wellsfargo 3,wellsfargo.io
https://www.mayoclinic.co/categoria/6,Nutricion y Dieta - Mayoclinic 6,mayoclinic.co
https://www.as.net/servicios/6,Cobertura Deportiva - As 6,as.net
https://www.youtube.net/articulos/6,Gaming en Vivo - Youtube 6,youtube.net
https://www.bankofamerica.org/categoria/4,Prestamos y Creditos - Bankofamerica 4,bankofamerica.org
https://www.medscape.co/articulos/4,Enciclopedia Medica - Medscape 4,medscape.co
https://www.bbc.org/contacto/6,Noticias en Vivo - Bbc 6,bbc.org
https://www.aliexpress.io/galeria/4,Ofertas y Descuentos - Aliexpress 4,aliexpress.io
https://www.mit.com/buscar/2,Campus Virtual - Mit 2,mit.com
https://www.costco.net/categoria/5,Envios Internacionales - Costco 5,costco.net
https://www.edx.io/categoria/5,Cursos en Linea - Edx 5,edx.io
https://www.nytimes.net/productos/5,Analisis Mundial - Nytimes 5,nytimes.net
https://www.mit.net/servicios/3,E-Learning - Mit 3,mit.net
https://www.marca.org/blog/4,Cobertura Deportiva - Marca 4,marca.org
https://www.as.org/galeria/7,Cobertura Deportiva - As 7,as.org
https://www.nytimes.net/galeria/6,Noticias Locales - Nytimes 6,nytimes.net
https://www.edx.co/galeria/6,Formacion Continua - Edx 6,edx.co
https://www.twitter.com/noticias/6,Red Social - Twitter 6,twitter.com
https://www.pinterest.net/galeria/5,Mensajeria Instantanea - Pinterest 5,pinterest.net
https://www.twitter.io/categoria/7,Tablero de Ideas - Twitter 7,twitter.io
https://www.nfl.net/contacto/7,Analisis Deportivo - Nfl 7,nfl.net
https://www.jpmorgan.com/articulos/4,Trading Online - Jpmorgan 4,jpmorgan.com
https://www.agoda.io/blog/5,Experiencias Locales - Agoda 5,agoda.io
https://www.linkedin.org/servicios/5,Videos Cortos - Linkedin 5,linkedin.org
https://www.airbnb.org/categoria/5,Paquetes Vacacionales - Airbnb 5,airbnb.org
https://www.forbes.net/buscar/5,Ultima Hora - Forbes 5,forbes.net
https://www.nfl.net/articulos/8,Resultados y Estadisticas - Nfl 8,nfl.net
https://www.meta.io/galeria/4,Ciberseguridad - Meta 4,meta.io
https://www.spotify.org/galeria/7,Entretenimiento Familiar - Spotify 7,spotify.org
https://www.spotify.io/categoria/8,Animacion y Anime - Spotify 8,spotify.io
https://www.paypal.io/inicio/5,Inversiones en Linea - Paypal 5,paypal.io
https://www.orbitz.io/blog/4,Guias de Viaje - Orbitz 4,orbitz.io
https://www.tiktok.com/inicio/4,Tablero de Ideas - Tiktok 4,tiktok.com
https://www.schwab.io/productos/7,Tarjetas de Credito - Schwab 7,schwab.io
https://www.microsoft.io/articulos/2,Inteligencia Artificial - Microsoft 2,microsoft.io
https://www.cdc.org/inicio/6,Guias de Sintomas - Cdc 6,cdc.org
https://www.lg.co/blog/5,Cloud Computing - Lg 5,lg.co
https://www.bestbuy.com/contacto/4,Comparador de Precios - Bestbuy 4,bestbuy.com
https://www.fidelity.org/galeria/9,Prestamos y Creditos - Fidelity 9,fidelity.org
https://www.reuters.com/contacto/6,Reportajes Especiales - Reuters 6,reuters.com
https://www.everydayhealth.org/articulos/7,Prevencion de Enfermedades - Everydayhealth 7,everydayhealth.org
https://www.telegram.io/categoria/6,Red Social - Telegram 6,telegram.io
https://www.google.net/servicios/4,Desarrollo Web - Google 4,google.net
https://www.mercadolibre.net/galeria/2,Comparador de Precios - Mercadolibre 2,mercadolibre.net
https://www.mit.co/servicios/4,Certificaciones Profesionales - Mit 4,mit.co
https://www.priceline.org/galeria/6,Experiencias Locales - Priceline 6,priceline.org
https://www.shopify.co/buscar/4,Envios Internacionales - Shopify 4,shopify.co
https://www.nfl.com/servicios/9,Transferencias - Nfl 9,nfl.com
https://www.time.co/productos/5,Noticias Internacionales - Time 5,time.co
https://www.discord.org/galeria/4,Mensajeria Global - Discord 4,discord.org
https://www.netflix.co/buscar/2,Musica en Linea - Netflix 2,netflix.co
https://www.wish.io/articulos/3,Productos Electronicos - Wish 3,wish.io
https://www.lg.com/blog/6,Innovacion Tecnologica - Lg 6,lg.com
https://www.stripe.io/articulos/5,Finanzas Personales - Stripe 5,stripe.io
https://www.hulu.co/galeria/4,Animacion y Anime - Hulu 4,hulu.co
https://www.apple.co/blog/4,Big Data - Apple 4,apple.co
https://www.medscape.co/contacto/5,Salud Mental - Medscape 5,medscape.co
https://www.stanford.co/servicios/6,E-Learning - Stanford 6,stanford.co
https://www.nih.co/buscar/4,Prevencion de Enfermedades - Nih 4,nih.co
https://www.disney.co/productos/4,Gaming en Vivo - Disney 4,disney.co
https://www.goal.net/buscar/3,Transferencias - Goal 3,goal.net
https://www.stripe.co/productos/6,Seguros y Pensiones - Stripe 6,stripe.co
https://www.washingtonpost.co/contacto/5,Opinion y Debate - Washingtonpost 5,washingtonpost.co
https://www.healthline.org/inicio/9,Nutricion y Dieta - Healthline 9,healthline.org
https://www.forbes.io/productos/6,Noticias en Vivo - Forbes 6,forbes.io
https://www.twitch.co/productos/4,Shows en Vivo - Twitch 4,twitch.co
https://www.as.com/galeria/8,Fantasy Sports - As 8,as.com
https://www.twitch.com/categoria/5,Gaming en Vivo - Twitch 5,twitch.com
https://www.netflix.com/contacto/3,Entretenimiento Familiar - Netflix 3,netflix.com
https://www.jpmorgan.net/inicio/5,Tarjetas de Credito - Jpmorgan 5,jpmorgan.net
https://www.harvard.io/buscar/4,Educacion Superior - Harvard 4,harvard.io
https://www.fifa.org/inicio/6,Resultados y Estadisticas - Fifa 6,fifa.org
https://www.reddit.co/inicio/4,Red Profesional - Reddit 4,reddit.co
https://www.airbnb.com/contacto/6,Turismo Cultural - Airbnb 6,airbnb.com
https://www.duolingo.com/inicio/6,Tutoriales Interactivos - Duolingo 6,duolingo.com
https://www.whatsapp.com/servicios/3,Tablero de Ideas - Whatsapp 3,whatsapp.com
https://www.fidelity.co/buscar/10,Criptomonedas - Fidelity 10,fidelity.co
https://www.mercadolibre.org/blog/3,Ofertas y Descuentos - Mercadolibre 3,mercadolibre.org
https://www.healthline.io/productos/10,Medicamentos y Tratamientos - Healthline 10,healthline.io
https://www.nvidia.org/galeria/6,Software y Apps - Nvidia 6,nvidia.org
https://www.skillshare.io/contacto/5,E-Learning - Skillshare 5,skillshare.io
https://www.mayoclinic.io/noticias/7,Medicamentos y Tratamientos - Mayoclinic 7,mayoclinic.io
https://www.stanford.org/blog/7,Cursos en Linea - Stanford 7,stanford.org
https://www.nba.net/buscar/5,Analisis Deportivo - Nba 5,nba.net
https://www.nih.co/galeria/5,Informacion Medica - Nih 5,nih.co
https://www.fifa.net/inicio/7,Resultados y Estadisticas - Fifa 7,fifa.net
https://www.paypal.net/contacto/6,Tarjetas de Credito - Paypal 6,paypal.net
https://www.marca.org/servicios/5,Fantasy Sports - Marca 5,marca.org
https://www.twitch.net/buscar/6,Musica en Linea - Twitch 6,twitch.net
https://www.schwab.org/contacto/8,Tarjetas de Credito - Schwab 8,schwab.org
https://www.fidelity.net/blog/11,Prestamos y Creditos - Fidelity 11,fidelity.net
https://www.nytimes.io/categoria/7,Reportajes Especiales - Nytimes 7,nytimes.io
https://www.washingtonpost.com/inicio/6,Investigacion Periodistica - Washingtonpost 6,washingtonpost.com
https://www.target.co/categoria/8,Marketplace Global - Target 8,target.co
https://www.mit.co/buscar/5,Aprendizaje Digital - Mit 5,mit.co
https://www.peacock.io/noticias/5,Shows en Vivo - Peacock 5,peacock.io
https://www.bankofamerica.io/articulos/5,Tarjetas de Credito - Bankofamerica 5,bankofamerica.io
https://www.agoda.co/inicio/6,Paquetes Vacacionales - Agoda 6,agoda.co
https://www.paypal.com/contacto/7,Seguros y Pensiones - Paypal 7,paypal.com
https://www.amazon.co/noticias/2,Innovacion Tecnologica - Amazon 2,amazon.co
https://www.skyscanner.com/categoria/6,Hoteles y Alojamiento - Skyscanner 6,skyscanner.com
https://www.guardian.com/productos/6,Opinion y Debate - Guardian 6,guardian.com
https://www.edx.io/servicios/7,Recursos Educativos - Edx 7,edx.io
https://www.coinbase.io/noticias/2,Tarjetas de Credito - Coinbase 2,coinbase.io
https://www.mit.com/articulos/6,E-Learning - Mit 6,mit.com
https://www.orbitz.net/blog/5,Hoteles y Alojamiento - Orbitz 5,orbitz.net
https://www.meta.io/categoria/5,Ciberseguridad - Meta 5,meta.io
https://www.aliexpress.net/blog/5,Tecnologia y Gaming - Aliexpress 5,aliexpress.net
https://www.healthline.org/blog/11,Salud y Bienestar - Healthline 11,healthline.org
https://www.intel.co/inicio/5,Software y Apps - Intel 5,intel.co
https://www.youtube.com/galeria/7,Streaming de Video - Youtube 7,youtube.com
https://www.schwab.com/blog/9,Banca Digital - Schwab 9,schwab.com
https://www.agoda.net/categoria/7,Guias de Viaje - Agoda 7,agoda.net
https://www.apple.co/productos/5,Software y Apps - Apple 5,apple.co
https://www.tiktok.co/galeria/5,Videos Cortos - Tiktok 5,tiktok.co
https://www.disney.net/categoria/5,Gaming en Vivo - Disney 5,disney.net
https://www.kayak.org/inicio/6,Paquetes Vacacionales - Kayak 6,kayak.org
https://www.linkedin.io/categoria/6,Servidor de Gaming - Linkedin 6,linkedin.io
https://www.nvidia.io/categoria/7,Cloud Computing - Nvidia 7,nvidia.io
https://www.hotels.net/productos/6,Viajes de Aventura - Hotels 6,hotels.net
https://www.udacity.io/blog/6,Educacion Superior - Udacity 6,udacity.io
https://www.as.io/inicio/9,Cobertura Deportiva - As 9,as.io
https://www.hotels.co/categoria/7,Destinos Turisticos - Hotels 7,hotels.co
https://www.expedia.org/blog/2,Experiencias Locales - Expedia 2,expedia.org
https://www.guardian.org/noticias/7,Investigacion Periodistica - Guardian 7,guardian.org
https://www.netflix.org/contacto/4,Podcasts - Netflix 4,netflix.org
https://www.twitter.com/blog/8,Mensajeria Global - Twitter 8,twitter.com
https://www.target.io/blog/9,Artesanias y Manualidades - Target 9,target.io
https://www.espn.net/blog/7,Resultados y Estadisticas - Espn 7,espn.net
https://www.citibank.co/blog/5,Finanzas Personales - Citibank 5,citibank.co
https://www.paramount.org/productos/6,Documentales - Paramount 6,paramount.org
https://www.fidelity.org/productos/12,Seguros y Pensiones - Fidelity 12,fidelity.org
https://www.everydayhealth.io/buscar/8,Salud y Bienestar - Everydayhealth 8,everydayhealth.io
https://www.stripe.net/servicios/7,Mercado de Valores - Stripe 7,stripe.net
https://www.tripadvisor.co/blog/4,Destinos Turisticos - Tripadvisor 4,tripadvisor.co
https://www.meta.co/galeria/6,Internet de las Cosas - Meta 6,meta.co
https://www.kayak.net/blog/7,Experiencias Locales - Kayak 7,kayak.net
https://www.hulu.co/blog/5,Animacion y Anime - Hulu 5,hulu.co
https://www.costco.org/buscar/6,Tecnologia y Gaming - Costco 6,costco.org
https://www.wellsfargo.org/articulos/4,Criptomonedas - Wellsfargo 4,wellsfargo.org
https://www.mercadolibre.net/categoria/4,Compras Online - Mercadolibre 4,mercadolibre.net
https://www.ebay.com/inicio/9,Compras Online - Ebay 9,ebay.com
https://www.airbnb.net/noticias/7,Destinos Turisticos - Airbnb 7,airbnb.net
https://www.amazon.co/buscar/3,Cloud Computing - Amazon 3,amazon.co
https://www.lg.co/buscar/7,Desarrollo Web - Lg 7,lg.co
https://www.google.co/categoria/5,Ciberseguridad - Google 5,google.co
https://www.google.co/productos/6,Big Data - Google 6,google.co
https://www.espn.co/contacto/8,Futbol Mundial - Espn 8,espn.co
https://www.bbc.co/articulos/7,Cobertura Global - Bbc 7,bbc.co
https://www.peacock.co/productos/6,Entretenimiento Familiar - Peacock 6,peacock.co
https://www.nba.com/servicios/6,Marcadores en Tiempo Real - Nba 6,nba.com
https://www.schwab.net/blog/10,Seguros y Pensiones - Schwab 10,schwab.net
https://www.cnn.com/contacto/6,Opinion y Debate - Cnn 6,cnn.com
https://www.orbitz.io/inicio/6,Hoteles y Alojamiento - Orbitz 6,orbitz.io
https://www.udemy.io/contacto/5,Formacion Continua - Udemy 5,udemy.io
https://www.instagram.co/inicio/2,Foro Comunitario - Instagram 2,instagram.co
https://www.peacock.io/productos/7,Streaming de Video - Peacock 7,peacock.io
https://www.bloomberg.co/galeria/1,Noticias Internacionales - Bloomberg 1,bloomberg.co
https://www.mit.com/blog/7,Capacitacion Online - Mit 7,mit.com
https://www.harvard.com/productos/5,Certificaciones Profesionales - Harvard 5,harvard.com
https://www.reddit.co/contacto/5,Mensajeria Segura - Reddit 5,reddit.co
https://www.cdc.net/noticias/7,Consejos de Salud - Cdc 7,cdc.net
https://www.webmd.com/contacto/5,Prevencion de Enfermedades - Webmd 5,webmd.com
https://www.forbes.co/galeria/7,Noticias Locales - Forbes 7,forbes.co
https://www.skyscanner.com/productos/7,Turismo Cultural - Skyscanner 7,skyscanner.com
https://www.citibank.org/categoria/6,Finanzas Personales - Citibank 6,citibank.org
https://www.airbnb.co/contacto/8,Vuelos Baratos - Airbnb 8,airbnb.co
https://www.pinterest.net/noticias/6,Microblogging - Pinterest 6,pinterest.net
https://www.as.io/articulos/10,Marcadores en Tiempo Real - As 10,as.io
https://www.who.com/noticias/3,Informacion Medica - Who 3,who.com
https://www.nfl.org/productos/10,Resultados y Estadisticas - Nfl 10,nfl.org
https://www.udemy.net/contacto/6,Campus Virtual - Udemy 6,udemy.net
https://www.shopify.co/contacto/5,Ofertas y Descuentos - Shopify 5,shopify.co
https://www.microsoft.org/categoria/3,Ultimas Noticias Tech - Microsoft 3,microsoft.org
https://www.whatsapp.org/contacto/4,Red Social - Whatsapp 4,whatsapp.org
https://www.nba.io/noticias/7,Cobertura Deportiva - Nba 7,nba.io
https://www.peacock.co/articulos/8,Documentales - Peacock 8,peacock.co
https://www.edx.org/productos/8,Tutoriales Interactivos - Edx 8,edx.org
https://www.wellsfargo.com/articulos/5,Finanzas Personales - Wellsfargo 5,wellsfargo.com
https://www.nba.org/buscar/8,Resultados y Estadisticas - Nba 8,nba.org
https://www.nih.net/buscar/6,Enciclopedia Medica - Nih 6,nih.net
https://www.reddit.io/noticias/6,Red Profesional - Reddit 6,reddit.io
https://www.espn.io/servicios/9,Fantasy Sports - Espn 9,espn.io
https://www.skyscanner.io/servicios/8,Viajes de Aventura - Skyscanner 8,skyscanner.io
https://www.linkedin.org/servicios/7,Mensajeria Global - Linkedin 7,linkedin.org
https://www.crunchyroll.org/articulos/5,Documentales - Crunchyroll 5,crunchyroll.org
https://www.nih.io/galeria/7,Prevencion de Enfermedades - Nih 7,nih.io
https://www.cdc.org/contacto/8,Salud Mental - Cdc 8,cdc.org
https://www.washingtonpost.net/galeria/7,Investigacion Periodistica - Washingtonpost 7,washingtonpost.net
https://www.udacity.com/buscar/7,Educacion Superior - Udacity 7,udacity.com
https://www.paypal.com/contacto/8,Trading Online - Paypal 8,paypal.com
https://www.duolingo.net/productos/7,Certificaciones Profesionales - Duolingo 7,duolingo.net
https://www.hotels.com/buscar/8,Opiniones de Viajeros - Hotels 8,hotels.com
https://www.schwab.io/categoria/11,Tarjetas de Credito - Schwab 11,schwab.io
https://www.orbitz.com/servicios/7,Paquetes Vacacionales - Orbitz 7,orbitz.com
https://www.instagram.com/blog/3,Videos Cortos - Instagram 3,instagram.com
https://www.skillshare.com/galeria/6,Recursos Educativos - Skillshare 6,skillshare.com
https://www.cdc.com/inicio/9,Salud y Bienestar - Cdc 9,cdc.com
https://www.sport.co/categoria/6,Cobertura Deportiva - Sport 6,sport.co
https://www.whatsapp.net/buscar/5,Videos Cortos - Whatsapp 5,whatsapp.net
https://www.agoda.co/categoria/8,Destinos Turisticos - Agoda 8,agoda.co
https://www.webmd.io/noticias/6,Nutricion y Dieta - Webmd 6,webmd.io
https://www.booking.com/articulos/7,Experiencias Locales - Booking 7,booking.com
https://www.fifa.io/blog/8,Cobertura Deportiva - Fifa 8,fifa.io
https://www.stripe.io/noticias/8,Trading Online - Stripe 8,stripe.io
https://www.stripe.com/productos/9,Banca Digital - Stripe 9,stripe.com
https://www.cnn.org/noticias/7,Analisis Mundial - Cnn 7,cnn.org
https://www.paramount.net/categoria/7,Musica en Linea - Paramount 7,paramount.net
https://www.everydayhealth.io/buscar/9,Prevencion de Enfermedades - Everydayhealth 9,everydayhealth.io
https://www.airbnb.net/contacto/9,Viajes de Aventura - Airbnb 9,airbnb.net
https://www.lg.net/buscar/8,Internet de las Cosas - Lg 8,lg.net
https://www.hotels.com/blog/9,Guias de Viaje - Hotels 9,hotels.com
https://www.marca.co/noticias/6,Cobertura Deportiva - Marca 6,marca.co
https://www.mit.org/blog/8,Campus Virtual - Mit 8,mit.org
https://www.bloomberg.io/categoria/2,Reportajes Especiales - Bloomberg 2,bloomberg.io
https://www.snapchat.co/contacto/2,Mensajeria Global - Snapchat 2,snapchat.co
https://www.forbes.org/buscar/8,Noticias Locales - Forbes 8,forbes.org
https://www.duolingo.co/galeria/8,Aprendizaje Digital - Duolingo 8,duolingo.co
https://www.mit.com/blog/9,Tutoriales Interactivos - Mit 9,mit.com
https://www.reuters.org/articulos/7,Investigacion Periodistica - Reuters 7,reuters.org
https://www.hotels.co/articulos/10,Opiniones de Viajeros - Hotels 10,hotels.co
https://www.hotels.net/buscar/11,Paquetes Vacacionales - Hotels 11,hotels.net
https://www.udacity.net/buscar/8,Tutoriales Interactivos - Udacity 8,udacity.net
https://www.edx.org/buscar/9,Capacitacion Online - Edx 9,edx.org
https://www.nvidia.com/buscar/8,Gadgets y Dispositivos - Nvidia 8,nvidia.com
https://www.hulu.co/categoria/6,Animacion y Anime - Hulu 6,hulu.co
https://www.agoda.io/buscar/9,Turismo Cultural - Agoda 9,agoda.io
https://www.udemy.co/inicio/7,Educacion Superior - Udemy 7,udemy.co
https://www.espn.org/blog/10,Cobertura Deportiva - Espn 10,espn.org
https://www.as.io/galeria/11,Ligas Internacionales - As 11,as.io
https://www.shopify.com/galeria/6,Ofertas y Descuentos - Shopify 6,shopify.com
https://www.mlb.org/categoria/5,Deportes en Vivo - Mlb 5,mlb.org
https://www.fidelity.net/contacto/13,Inversiones en Linea - Fidelity 13,fidelity.net
https://www.disney.com/buscar/6,Contenido Original - Disney 6,disney.com
https://www.mayoclinic.io/noticias/8,Prevencion de Enfermedades - Mayoclinic 8,mayoclinic.io
https://www.peacock.org/galeria/9,Documentales - Peacock 9,peacock.org
https://www.skillshare.net/blog/7,Educacion Superior - Skillshare 7,skillshare.net
https://www.lg.org/categoria/9,Inteligencia Artificial - Lg 9,lg.org
https://www.telegram.net/servicios/7,Tablero de Ideas - Telegram 7,telegram.net
https://www.nhl.org/categoria/7,Resultados y Estadisticas - Nhl 7,nhl.org
https://www.harvard.com/productos/6,Certificaciones Profesionales - Harvard 6,harvard.com
https://www.khanacademy.net/servicios/3,Educacion Superior - Khanacademy 3,khanacademy.net
https://www.agoda.net/galeria/10,Reservas Online - Agoda 10,agoda.net
https://www.hotels.io/noticias/12,Vuelos Baratos - Hotels 12,hotels.io
https://www.orbitz.org/servicios/8,Turismo Cultural - Orbitz 8,orbitz.org
https://www.stripe.co/inicio/10,Inversiones en Linea - Stripe 10,stripe.co
https://www.stripe.com/categoria/11,Finanzas Personales - Stripe 11,stripe.com
https://www.hulu.net/buscar/7,Contenido Original - Hulu 7,hulu.net
https://www.nih.org/categoria/8,Enciclopedia Medica - Nih 8,nih.org
https://www.skillshare.io/servicios/8,Cursos en Linea - Skillshare 8,skillshare.io
https://www.microsoft.io/inicio/4,Ultimas Noticias Tech - Microsoft 4,microsoft.io
https://www.stanford.io/inicio/8,Recursos Educativos - Stanford 8,stanford.io
https://www.spotify.org/articulos/9,Contenido Original - Spotify 9,spotify.org
https://www.forbes.org/noticias/9,Reportajes Especiales - Forbes 9,forbes.org
https://www.coursera.io/productos/2,Educacion Superior - Coursera 2,coursera.io
https://www.booking.com/inicio/8,Guias de Viaje - Booking 8,booking.com
https://www.jpmorgan.net/galeria/6,Gestion Financiera - Jpmorgan 6,jpmorgan.net
https://www.mercadolibre.com/inicio/5,Artesanias y Manualidades - Mercadolibre 5,mercadolibre.com
https://www.time.net/buscar/6,Ultima Hora - Time 6,time.net
https://www.hulu.com/noticias/8,Peliculas y Series - Hulu 8,hulu.com
https://www.who.org/articulos/4,Guias de Sintomas - Who 4,who.org
https://www.edx.com/categoria/10,Capacitacion Online - Edx 10,edx.com
https://www.lg.net/buscar/10,Cloud Computing - Lg 10,lg.net
https://www.spotify.io/galeria/10,Animacion y Anime - Spotify 10,spotify.io
https://www.youtube.com/articulos/8,Peliculas y Series - Youtube 8,youtube.com
https://www.snapchat.org/contacto/3,Videos Cortos - Snapchat 3,snapchat.org
https://www.khanacademy.org/noticias/4,Educacion Superior - Khanacademy 4,khanacademy.org
https://www.wish.co/galeria/4,Moda y Ropa - Wish 4,wish.co
https://www.meta.net/categoria/7,Internet de las Cosas - Meta 7,meta.net
https://www.target.io/productos/10,Compras Online - Target 10,target.io
https://www.crunchyroll.io/noticias/6,Gaming en Vivo - Crunchyroll 6,crunchyroll.io
https://www.schwab.com/categoria/12,Banca Digital - Schwab 12,schwab.com
https://www.who.net/contacto/5,Enciclopedia Medica - Who 5,who.net
https://www.skyscanner.co/articulos/9,Turismo Cultural - Skyscanner 9,skyscanner.co
https://www.cnn.co/noticias/8,Noticias Internacionales - Cnn 8,cnn.co
https://www.sport.com/inicio/7,Marcadores en Tiempo Real - Sport 7,sport.com
https://www.bestbuy.co/contacto/5,Supermercado Virtual - Bestbuy 5,bestbuy.co
https://www.booking.co/categoria/9,Opiniones de Viajeros - Booking 9,booking.co
https://www.duolingo.com/productos/9,Aprendizaje Digital - Duolingo 9,duolingo.com
https://www.target.net/categoria/11,Artesanias y Manualidades - Target 11,target.net
https://www.priceline.com/productos/7,Viajes de Aventura - Priceline 7,priceline.com
https://www.netflix.net/noticias/5,Documentales - Netflix 5,netflix.net
https://www.guardian.co/galeria/8,Noticias Internacionales - Guardian 8,guardian.co
https://www.as.com/inicio/12,Futbol Mundial - As 12,as.com
https://www.apple.io/servicios/6,Big Data - Apple 6,apple.io
https://www.bestbuy.net/servicios/6,Marketplace Global - Bestbuy 6,bestbuy.net
https://www.marca.com/servicios/7,Marcadores en Tiempo Real - Marca 7,marca.com
https://www.mlb.com/productos/6,Fantasy Sports - Mlb 6,mlb.com
https://www.guardian.io/categoria/9,Reportajes Especiales - Guardian 9,guardian.io
https://www.samsung.co/articulos/4,Cloud Computing - Samsung 4,samsung.co
https://www.duolingo.com/galeria/10,Aprendizaje Digital - Duolingo 10,duolingo.com
https://www.paramount.com/inicio/8,Streaming de Video - Paramount 8,paramount.com
https://www.netflix.io/servicios/6,Documentales - Netflix 6,netflix.io
https://www.edx.com/categoria/11,Recursos Educativos - Edx 11,edx.com
https://www.hbo.net/contacto/8,Entretenimiento Familiar - Hbo 8,hbo.net
https://www.marca.co/servicios/8,Resultados y Estadisticas - Marca 8,marca.co
https://www.ebay.net/blog/10,Comparador de Precios - Ebay 10,ebay.net
https://www.intel.com/buscar/6,Inteligencia Artificial - Intel 6,intel.com
https://www.fifa.com/categoria/9,Ligas Internacionales - Fifa 9,fifa.com
https://www.nvidia.net/productos/9,Internet de las Cosas - Nvidia 9,nvidia.net
https://www.nhl.net/buscar/8,Transferencias - Nhl 8,nhl.net
https://www.discord.net/categoria/5,Foro Comunitario - Discord 5,discord.net
https://www.coursera.io/inicio/3,Educacion Superior - Coursera 3,coursera.io
https://www.costco.com/servicios/7,Compras Online - Costco 7,costco.com
https://www.kayak.com/blog/8,Paquetes Vacacionales - Kayak 8,kayak.com
https://www.hulu.io/inicio/9,Musica en Linea - Hulu 9,hulu.io
https://www.marca.com/blog/9,Cobertura Deportiva - Marca 9,marca.com
https://www.skyscanner.io/noticias/10,Opiniones de Viajeros - Skyscanner 10,skyscanner.io
https://www.nytimes.net/contacto/8,Ultima Hora - Nytimes 8,nytimes.net
https://www.whatsapp.com/contacto/6,Red Profesional - Whatsapp 6,whatsapp.com
https://www.disney.org/servicios/7,Documentales - Disney 7,disney.org
https://www.who.io/productos/6,Prevencion de Enfermedades - Who 6,who.io
https://www.ap.net/galeria/6,Ultima Hora - Ap 6,ap.net
https://www.udemy.net/buscar/8,Campus Virtual - Udemy 8,udemy.net
https://www.cdc.com/categoria/10,Salud Mental - Cdc 10,cdc.com
https://www.crunchyroll.org/buscar/7,Contenido Original - Crunchyroll 7,crunchyroll.org
https://www.bbc.net/productos/8,Noticias Locales - Bbc 8,bbc.net
https://www.amazon.org/articulos/4,Ultimas Noticias Tech - Amazon 4,amazon.org
https://www.hbo.io/categoria/9,Streaming de Video - Hbo 9,hbo.io
https://www.goal.net/inicio/4,Marcadores en Tiempo Real - Goal 4,goal.net
https://www.fidelity.co/blog/14,Inversiones en Linea - Fidelity 14,fidelity.co
https://www.jpmorgan.net/noticias/7,Banca Digital - Jpmorgan 7,jpmorgan.net
https://www.amazon.net/blog/5,Ciberseguridad - Amazon 5,amazon.net
https://www.mayoclinic.co/galeria/9,Nutricion y Dieta - Mayoclinic 9,mayoclinic.co
https://www.cnn.com/blog/9,Noticias en Vivo - Cnn 9,cnn.com
https://www.udemy.org/noticias/9,Cursos en Linea - Udemy 9,udemy.org
https://www.bankofamerica.net/galeria/6,Finanzas Personales - Bankofamerica 6,bankofamerica.net
https://www.agoda.com/contacto/11,Viajes de Aventura - Agoda 11,agoda.com
https://www.mit.net/articulos/10,Tutoriales Interactivos - Mit 10,mit.net
https://www.nfl.net/inicio/11,Fantasy Sports - Nfl 11,nfl.net
https://www.whatsapp.net/productos/7,Servidor de Gaming - Whatsapp 7,whatsapp.net
https://www.orbitz.io/inicio/9,Vuelos Baratos - Orbitz 9,orbitz.io
https://www.nba.net/contacto/9,Baloncesto Profesional - Nba 9,nba.net
https://www.target.co/inicio/12,Supermercado Virtual - Target 12,target.co
https://www.medscape.co/buscar/6,Salud Mental - Medscape 6,medscape.co
https://www.telegram.org/contacto/8,Tablero de Ideas - Telegram 8,telegram.org
https://www.coursera.org/galeria/4,Educacion Superior - Coursera 4,coursera.org
https://www.meta.com/buscar/8,Big Data - Meta 8,meta.com
https://www.rxlist.net/articulos/6,Salud y Bienestar - Rxlist 6,rxlist.net
https://www.twitch.org/categoria/7,Streaming de Video - Twitch 7,twitch.org
https://www.peacock.io/servicios/10,Musica en Linea - Peacock 10,peacock.io
https://www.khanacademy.co/servicios/5,Formacion Continua - Khanacademy 5,khanacademy.co
https://www.twitter.org/galeria/9,Mensajeria Global - Twitter 9,twitter.org
https://www.skillshare.net/buscar/9,E-Learning - Skillshare 9,skillshare.net
https://www.as.io/inicio/13,Resultados y Estadisticas - As 13,as.io
https://www.amazon.co/blog/6,Innovacion Tecnologica - Amazon 6,amazon.co
https://www.mercadolibre.com/servicios/6,Envios Internacionales - Mercadolibre 6,mercadolibre.com
https://www.spotify.org/articulos/11,Entretenimiento Familiar - Spotify 11,spotify.org
https://www.google.net/galeria/7,Gadgets y Dispositivos - Google 7,google.net
https://www.nytimes.org/noticias/9,Reportajes Especiales - Nytimes 9,nytimes.org
https://www.priceline.com/servicios/8,Reservas Online - Priceline 8,priceline.com
https://www.healthline.net/contacto/12,Investigacion Medica - Healthline 12,healthline.net
https://www.healthline.co/galeria/13,Salud Mental - Healthline 13,healthline.co
https://www.peacock.net/contacto/11,Contenido Original - Peacock 11,peacock.net
https://www.as.net/inicio/14,Fantasy Sports - As 14,as.net
https://www.priceline.com/articulos/9,Opiniones de Viajeros - Priceline 9,priceline.com
https://www.rxlist.net/galeria/7,Salud y Bienestar - Rxlist 7,rxlist.net
https://www.wellsfargo.org/noticias/6,Gestion Financiera - Wellsfargo 6,wellsfargo.org
https://www.who.net/noticias/7,Salud Mental - Who 7,who.net
https://www.bankofamerica.org/blog/7,Gestion Financiera - Bankofamerica 7,bankofamerica.org
https://www.forbes.org/noticias/10,Noticias Internacionales - Forbes 10,forbes.org
https://www.intel.io/contacto/7,Gadgets y Dispositivos - Intel 7,intel.io
https://www.agoda.io/servicios/12,Paquetes Vacacionales - Agoda 12,agoda.io
https://www.booking.io/galeria/10,Guias de Viaje - Booking 10,booking.io
https://www.stanford.com/inicio/9,Tutoriales Interactivos - Stanford 9,stanford.com
https://www.nvidia.org/noticias/10,Ultimas Noticias Tech - Nvidia 10,nvidia.org
https://www.healthline.io/articulos/14,Salud y Bienestar - Healthline 14,healthline.io
https://www.etsy.org/galeria/3,Envios Internacionales - Etsy 3,etsy.org
https://www.bankofamerica.io/articulos/8,Prestamos y Creditos - Bankofamerica 8,bankofamerica.io
https://www.airbnb.com/noticias/10,Experiencias Locales - Airbnb 10,airbnb.com
https://www.twitch.io/categoria/8,Shows en Vivo - Twitch 8,twitch.io
https://www.goal.org/blog/5,Resultados y Estadisticas - Goal 5,goal.org
https://www.intel.co/categoria/8,Desarrollo Web - Intel 8,intel.co
https://www.coursera.org/inicio/5,Recursos Educativos - Coursera 5,coursera.org
https://www.bloomberg.co/buscar/3,Cobertura Global - Bloomberg 3,bloomberg.co
https://www.cnn.net/articulos/10,Periodismo Digital - Cnn 10,cnn.net
https://www.guardian.com/productos/10,Opinion y Debate - Guardian 10,guardian.com
https://www.robinhood.org/noticias/5,Tarjetas de Credito - Robinhood 5,robinhood.org
https://www.airbnb.org/contacto/11,Experiencias Locales - Airbnb 11,airbnb.org
https://www.stanford.com/productos/10,Campus Virtual - Stanford 10,stanford.com
https://www.paypal.net/productos/9,Prestamos y Creditos - Paypal 9,paypal.net
https://www.apple.com/noticias/7,Cloud Computing - Apple 7,apple.com
https://www.aliexpress.co/blog/6,Comparador de Precios - Aliexpress 6,aliexpress.co
https://www.intel.co/contacto/9,Big Data - Intel 9,intel.co
https://www.schwab.net/buscar/13,Seguros y Pensiones - Schwab 13,schwab.net
https://www.time.com/categoria/7,Noticias Locales - Time 7,time.com
https://www.wish.co/articulos/5,Ofertas y Descuentos - Wish 5,wish.co
https://www.wellsfargo.net/blog/7,Gestion Financiera - Wellsfargo 7,wellsfargo.net
https://www.coursera.io/noticias/6,Recursos Educativos - Coursera 6,coursera.io
https://www.spotify.co/productos/12,Entretenimiento Familiar - Spotify 12,spotify.co
https://www.bbc.io/categoria/9,Opinion y Debate - Bbc 9,bbc.io
https://www.costco.org/categoria/8,Tecnologia y Gaming - Costco 8,costco.org
https://www.lg.co/categoria/11,Ciberseguridad - Lg 11,lg.co
https://www.time.net/articulos/8,Noticias Locales - Time 8,time.net
https://www.whatsapp.com/noticias/8,Mensajeria Global - Whatsapp 8,whatsapp.com
https://www.bloomberg.co/servicios/4,Opinion y Debate - Bloomberg 4,bloomberg.co
https://www.nba.io/galeria/10,Fantasy Sports - Nba 10,nba.io
https://www.bankofamerica.net/productos/9,Finanzas Personales - Bankofamerica 9,bankofamerica.net
https://www.skillshare.co/contacto/10,Cursos en Linea - Skillshare 10,skillshare.co
https://www.skyscanner.net/inicio/11,Turismo Cultural - Skyscanner 11,skyscanner.net
https://www.fifa.com/servicios/10,Analisis Deportivo - Fifa 10,fifa.com
https://www.goal.io/noticias/6,Baloncesto Profesional - Goal 6,goal.io
https://www.duolingo.io/servicios/11,Tutoriales Interactivos - Duolingo 11,duolingo.io
https://www.priceline.com/blog/10,Turismo Cultural - Priceline 10,priceline.com
https://www.hulu.io/categoria/10,Entretenimiento Familiar - Hulu 10,hulu.io
https://www.sony.net/noticias/1,Inteligencia Artificial - Sony 1,sony.net
https://www.aliexpress.net/categoria/7,Envios Internacionales - Aliexpress 7,aliexpress.net
https://www.apple.net/blog/8,Innovacion Tecnologica - Apple 8,apple.net
https://www.netflix.io/inicio/7,Entretenimiento Familiar - Netflix 7,netflix.io
https://www.disney.org/buscar/8,Shows en Vivo - Disney 8,disney.org
https://www.booking.com/blog/11,Experiencias Locales - Booking 11,booking.com
https://www.schwab.io/articulos/14,Trading Online - Schwab 14,schwab.io
https://www.telegram.org/servicios/9,Red Profesional - Telegram 9,telegram.org
https://www.marca.org/inicio/10,Marcadores en Tiempo Real - Marca 10,marca.org
https://www.apple.co/blog/9,Software y Apps - Apple 9,apple.co
https://www.twitch.org/contacto/9,Shows en Vivo - Twitch 9,twitch.org
https://www.google.io/articulos/8,Gadgets y Dispositivos - Google 8,google.io
https://www.twitter.net/productos/10,Mensajeria Global - Twitter 10,twitter.net
https://www.goal.io/contacto/7,Transferencias - Goal 7,goal.io
https://www.paypal.net/buscar/10,Seguros y Pensiones - Paypal 10,paypal.net
https://www.wish.io/galeria/6,Ofertas y Descuentos - Wish 6,wish.io
https://www.sony.org/categoria/2,Internet de las Cosas - Sony 2,sony.org
https://www.pinterest.org/noticias/7,Servidor de Gaming - Pinterest 7,pinterest.org
https://www.forbes.org/servicios/11,Periodismo Digital - Forbes 11,forbes.org
https://www.goal.net/articulos/8,Cobertura Deportiva - Goal 8,goal.net
https://www.netflix.co/contacto/8,Entretenimiento Familiar - Netflix 8,netflix.co
https://www.coursera.io/productos/7,Tutoriales Interactivos - Coursera 7,coursera.io
https://www.hotels.io/inicio/13,Opiniones de Viajeros - Hotels 13,hotels.io
https://www.reddit.org/blog/7,Mensajeria Segura - Reddit 7,reddit.org
https://www.stripe.co/productos/12,Criptomonedas - Stripe 12,stripe.co
https://www.walmart.org/noticias/7,Tecnologia y Gaming - Walmart 7,walmart.org
https://www.duolingo.co/articulos/12,Formacion Continua - Duolingo 12,duolingo.co
https://www.ap.org/blog/7,Periodismo Digital - Ap 7,ap.org
https://www.skyscanner.org/productos/12,Opiniones de Viajeros - Skyscanner 12,skyscanner.org
https://www.nfl.com/buscar/12,Deportes en Vivo - Nfl 12,nfl.com
https://www.whatsapp.co/noticias/9,Servidor de Gaming - Whatsapp 9,whatsapp.co
https://www.paramount.com/contacto/9,Shows en Vivo - Paramount 9,paramount.com
https://www.nba.com/articulos/11,Futbol Mundial - Nba 11,nba.com
https://www.hbo.io/galeria/10,Animacion y Anime - Hbo 10,hbo.io
https://www.mit.net/noticias/11,Campus Virtual - Mit 11,mit.net
https://www.healthline.org/inicio/15,Informacion Medica - Healthline 15,healthline.org
https://www.paypal.net/articulos/11,Prestamos y Creditos - Paypal 11,paypal.net
https://www.stanford.com/articulos/11,Capacitacion Online - Stanford 11,stanford.com
https://www.hotels.io/contacto/14,Turismo Cultural - Hotels 14,hotels.io
https://www.tripadvisor.com/categoria/5,Guias de Viaje - Tripadvisor 5,tripadvisor.com
https://www.webmd.org/categoria/7,Prevencion de Enfermedades - Webmd 7,webmd.org
https://www.google.net/blog/9,Cloud Computing - Google 9,google.net
https://www.as.com/contacto/15,Cobertura Deportiva - As 15,as.com
https://www.pinterest.net/noticias/8,Red Social - Pinterest 8,pinterest.net
https://www.goal.io/categoria/9,Fantasy Sports - Goal 9,goal.io
https://www.costco.io/articulos/9,Artesanias y Manualidades - Costco 9,costco.io
https://www.stripe.net/articulos/13,Finanzas Personales - Stripe 13,stripe.net
https://www.amazon.net/articulos/7,Software y Apps - Amazon 7,amazon.net
https://www.lg.co/articulos/12,Ultimas Noticias Tech - Lg 12,lg.co
https://www.webmd.io/productos/8,Consejos de Salud - Webmd 8,webmd.io
https://www.twitter.co/inicio/11,Microblogging - Twitter 11,twitter.co
https://www.google.com/contacto/10,Desarrollo Web - Google 10,google.com
https://www.booking.co/productos/12,Turismo Cultural - Booking 12,booking.co
https://www.khanacademy.com/productos/6,Recursos Educativos - Khanacademy 6,khanacademy.com
https://www.nytimes.org/galeria/10,Noticias Locales - Nytimes 10,nytimes.org
https://www.harvard.com/categoria/7,Capacitacion Online - Harvard 7,harvard.com
https://www.bloomberg.com/noticias/5,Noticias en Vivo - Bloomberg 5,bloomberg.com
https://www.peacock.net/productos/12,Shows en Vivo - Peacock 12,peacock.net
https://www.hbo.io/productos/11,Musica en Linea - Hbo 11,hbo.io
https://www.sony.io/blog/3,Desarrollo Web - Sony 3,sony.io
https://www.medlineplus.com/inicio/3,Salud y Bienestar - Medlineplus 3,medlineplus.com
https://www.washingtonpost.io/articulos/8,Ultima Hora - Washingtonpost 8,washingtonpost.io
https://www.etsy.com/productos/4,Productos Electronicos - Etsy 4,etsy.com
https://www.paypal.org/buscar/12,Banca Digital - Paypal 12,paypal.org
https://www.reuters.com/productos/8,Reportajes Especiales - Reuters 8,reuters.com
https://www.cdc.com/noticias/11,Informacion Medica - Cdc 11,cdc.com
https://www.apple.net/servicios/10,Cloud Computing - Apple 10,apple.net
https://www.schwab.org/noticias/15,Mercado de Valores - Schwab 15,schwab.org
https://www.healthline.com/contacto/16,Guias de Sintomas - Healthline 16,healthline.com
https://www.paypal.io/buscar/13,Finanzas Personales - Paypal 13,paypal.io
https://www.udemy.net/inicio/10,Certificaciones Profesionales - Udemy 10,udemy.net
https://www.time.co/buscar/9,Noticias Locales - Time 9,time.co
https://www.wellsfargo.co/contacto/8,Mercado de Valores - Wellsfargo 8,wellsfargo.co
https://www.twitter.net/buscar/12,Servidor de Gaming - Twitter 12,twitter.net
https://www.time.io/inicio/10,Ultima Hora - Time 10,time.io
https://www.fifa.com/categoria/11,Fantasy Sports - Fifa 11,fifa.com
https://www.reddit.org/categoria/8,Mensajeria Segura - Reddit 8,reddit.org
https://www.instagram.io/blog/4,Servidor de Gaming - Instagram 4,instagram.io
https://www.cdc.net/categoria/12,Enciclopedia Medica - Cdc 12,cdc.net
https://www.google.net/categoria/11,Desarrollo Web - Google 11,google.net
https://www.wellsfargo.com/buscar/9,Mercado de Valores - Wellsfargo 9,wellsfargo.com
https://www.hbo.org/inicio/12,Shows en Vivo - Hbo 12,hbo.org
https://www.paramount.io/contacto/10,Gaming en Vivo - Paramount 10,paramount.io
https://www.guardian.io/galeria/11,Noticias en Vivo - Guardian 11,guardian.io
https://www.guardian.io/servicios/12,Ultima Hora - Guardian 12,guardian.io
https://www.bankofamerica.com/contacto/10,Finanzas Personales - Bankofamerica 10,bankofamerica.com
https://www.sony.co/inicio/4,Ultimas Noticias Tech - Sony 4,sony.co
https://www.whatsapp.org/categoria/10,Mensajeria Segura - Whatsapp 10,whatsapp.org
https://www.crunchyroll.org/servicios/8,Streaming de Video - Crunchyroll 8,crunchyroll.org
https://www.crunchyroll.org/categoria/9,Podcasts - Crunchyroll 9,crunchyroll.org
https://www.discord.org/buscar/6,Microblogging - Discord 6,discord.org
https://www.ap.com/servicios/8,Reportajes Especiales - Ap 8,ap.com
https://www.mlb.co/servicios/7,Resultados y Estadisticas - Mlb 7,mlb.co
https://www.apple.io/articulos/11,Ciberseguridad - Apple 11,apple.io
https://www.bloomberg.co/blog/6,Cobertura Global - Bloomberg 6,bloomberg.co
https://www.time.net/buscar/11,Cobertura Global - Time 11,time.net
https://www.mayoclinic.io/inicio/10,Enciclopedia Medica - Mayoclinic 10,mayoclinic.io
https://www.guardian.io/galeria/13,Investigacion Periodistica - Guardian 13,guardian.io
https://www.stanford.com/categoria/12,Cursos en Linea - Stanford 12,stanford.com
https://www.aliexpress.co/buscar/8,Comparador de Precios - Aliexpress 8,aliexpress.co
https://www.skillshare.net/articulos/11,Aprendizaje Digital - Skillshare 11,skillshare.net
https://www.priceline.co/servicios/11,Paquetes Vacacionales - Priceline 11,priceline.co
https://www.hotels.co/blog/15,Reservas Online - Hotels 15,hotels.co
https://www.skyscanner.org/buscar/13,Destinos Turisticos - Skyscanner 13,skyscanner.org
https://www.harvard.co/categoria/8,Tutoriales Interactivos - Harvard 8,harvard.co
https://www.costco.co/blog/10,Productos Electronicos - Costco 10,costco.co
https://www.peacock.org/servicios/13,Musica en Linea - Peacock 13,peacock.org
https://www.udacity.co/servicios/9,Aprendizaje Digital - Udacity 9,udacity.co
https://www.everydayhealth.io/galeria/10,Enciclopedia Medica - Everydayhealth 10,everydayhealth.io
https://www.orbitz.org/contacto/10,Hoteles y Alojamiento - Orbitz 10,orbitz.org
https://www.etsy.com/contacto/5,Marketplace Global - Etsy 5,etsy.com
https://www.google.net/productos/12,Gadgets y Dispositivos - Google 12,google.net
https://www.goal.net/inicio/10,Analisis Deportivo - Goal 10,goal.net
https://www.paramount.com/servicios/11,Animacion y Anime - Paramount 11,paramount.com
https://www.washingtonpost.co/blog/9,Investigacion Periodistica - Washingtonpost 9,washingtonpost.co
https://www.expedia.co/productos/3,Hoteles y Alojamiento - Expedia 3,expedia.co
https://www.hotels.io/servicios/16,Paquetes Vacacionales - Hotels 16,hotels.io
https://www.google.org/blog/13,Internet de las Cosas - Google 13,google.org
https://www.citibank.org/galeria/7,Tarjetas de Credito - Citibank 7,citibank.org
https://www.reddit.net/productos/9,Servidor de Gaming - Reddit 9,reddit.net
https://www.udemy.net/articulos/11,E-Learning - Udemy 11,udemy.net
https://www.time.com/contacto/12,Periodismo Digital - Time 12,time.com
https://www.bestbuy.net/articulos/7,Envios Internacionales - Bestbuy 7,bestbuy.net
https://www.espn.org/buscar/11,Futbol Mundial - Espn 11,espn.org
https://www.apple.org/galeria/12,Innovacion Tecnologica - Apple 12,apple.org
https://www.pinterest.io/galeria/9,Mensajeria Segura - Pinterest 9,pinterest.io
https://www.mayoclinic.org/categoria/11,Prevencion de Enfermedades - Mayoclinic 11,mayoclinic.org
https://www.udacity.com/categoria/10,Certificaciones Profesionales - Udacity 10,udacity.com
https://www.orbitz.co/contacto/11,Vuelos Baratos - Orbitz 11,orbitz.co
https://www.medlineplus.net/servicios/4,Salud Mental - Medlineplus 4,medlineplus.net
https://www.nih.net/galeria/9,Consejos de Salud - Nih 9,nih.net
https://www.fidelity.com/noticias/15,Mercado de Valores - Fidelity 15,fidelity.com
https://www.citibank.co/galeria/8,Gestion Financiera - Citibank 8,citibank.co
https://www.nvidia.io/noticias/11,Ciberseguridad - Nvidia 11,nvidia.io
https://www.mlb.org/inicio/8,Cobertura Deportiva - Mlb 8,mlb.org
https://www.everydayhealth.co/buscar/11,Investigacion Medica - Everydayhealth 11,everydayhealth.co
https://www.meta.net/servicios/9,Big Data - Meta 9,meta.net
https://www.bbc.net/categoria/10,Investigacion Periodistica - Bbc 10,bbc.net
https://www.microsoft.net/blog/5,Ciberseguridad - Microsoft 5,microsoft.net
https://www.ap.co/contacto/9,Ultima Hora - Ap 9,ap.co
https://www.coursera.io/servicios/8,Cursos en Linea - Coursera 8,coursera.io
https://www.bbc.com/articulos/11,Periodismo Digital - Bbc 11,bbc.com
https://www.etsy.co/blog/6,Moda y Ropa - Etsy 6,etsy.co
https://www.hotels.io/contacto/17,Viajes de Aventura - Hotels 17,hotels.io
https://www.webmd.io/noticias/9,Consejos de Salud - Webmd 9,webmd.io
https://www.lg.com/galeria/13,Innovacion Tecnologica - Lg 13,lg.com
https://www.forbes.co/noticias/12,Periodismo Digital - Forbes 12,forbes.co
https://www.nhl.com/productos/9,Ligas Internacionales - Nhl 9,nhl.com
https://www.hotels.com/buscar/18,Destinos Turisticos - Hotels 18,hotels.com
https://www.target.net/contacto/13,Comparador de Precios - Target 13,target.net
https://www.as.org/servicios/16,Deportes en Vivo - As 16,as.org
https://www.shopify.net/noticias/7,Compras Online - Shopify 7,shopify.net
https://www.lg.co/contacto/14,Big Data - Lg 14,lg.co
https://www.etsy.org/blog/7,Artesanias y Manualidades - Etsy 7,etsy.org
https://www.hulu.co/articulos/11,Musica en Linea - Hulu 11,hulu.co
https://www.khanacademy.co/productos/7,Educacion Superior - Khanacademy 7,khanacademy.co
https://www.reuters.co/inicio/9,Investigacion Periodistica - Reuters 9,reuters.co
https://www.fidelity.com/productos/16,Inversiones en Linea - Fidelity 16,fidelity.com
https://www.marca.net/galeria/11,Ligas Internacionales - Marca 11,marca.net
https://www.who.net/blog/8,Salud y Bienestar - Who 8,who.net
https://www.nhl.com/blog/10,Transferencias - Nhl 10,nhl.com
https://www.robinhood.org/galeria/6,Seguros y Pensiones - Robinhood 6,robinhood.org
https://www.linkedin.co/galeria/8,Videos Cortos - Linkedin 8,linkedin.co
https://www.cdc.net/inicio/13,Salud Mental - Cdc 13,cdc.net
https://www.twitch.io/productos/10,Entretenimiento Familiar - Twitch 10,twitch.io
https://www.mit.io/buscar/12,Campus Virtual - Mit 12,mit.io
https://www.nih.io/categoria/10,Salud y Bienestar - Nih 10,nih.io
https://www.skillshare.com/productos/12,Certificaciones Profesionales - Skillshare 12,skillshare.com
https://www.target.org/noticias/14,Ofertas y Descuentos - Target 14,target.org
https://www.sony.com/galeria/5,Internet de las Cosas - Sony 5,sony.com
https://www.priceline.net/inicio/12,Paquetes Vacacionales - Priceline 12,priceline.net
https://www.mlb.co/buscar/9,Futbol Mundial - Mlb 9,mlb.co
https://www.cdc.net/galeria/14,Nutricion y Dieta - Cdc 14,cdc.net
https://www.stanford.co/categoria/13,Aprendizaje Digital - Stanford 13,stanford.co
https://www.skyscanner.co/inicio/14,Guias de Viaje - Skyscanner 14,skyscanner.co
https://www.linkedin.co/articulos/9,Servidor de Gaming - Linkedin 9,linkedin.co
https://www.edx.co/galeria/12,Certificaciones Profesionales - Edx 12,edx.co
https://www.stripe.com/blog/14,Trading Online - Stripe 14,stripe.com
https://www.youtube.org/servicios/9,Gaming en Vivo - Youtube 9,youtube.org
https://www.amazon.co/servicios/8,Ciberseguridad - Amazon 8,amazon.co
https://www.robinhood.com/inicio/7,Mercado de Valores - Robinhood 7,robinhood.com
https://www.nytimes.org/productos/11,Noticias Locales - Nytimes 11,nytimes.org
https://www.wish.net/contacto/7,Supermercado Virtual - Wish 7,wish.net
https://www.rxlist.com/categoria/8,Nutricion y Dieta - Rxlist 8,rxlist.com
https://www.expedia.co/contacto/4,Experiencias Locales - Expedia 4,expedia.co
https://www.medscape.io/galeria/7,Informacion Medica - Medscape 7,medscape.io
https://www.walmart.io/articulos/8,Productos Electronicos - Walmart 8,walmart.io
https://www.nytimes.org/blog/12,Analisis Mundial - Nytimes 12,nytimes.org
https://www.edx.org/galeria/13,Aprendizaje Digital - Edx 13,edx.org
https://www.hulu.org/noticias/12,Animacion y Anime - Hulu 12,hulu.org
https://www.robinhood.net/galeria/8,Criptomonedas - Robinhood 8,robinhood.net
https://www.tripadvisor.net/inicio/6,Destinos Turisticos - Tripadvisor 6,tripadvisor.net
https://www.whatsapp.net/articulos/11,Mensajeria Segura - Whatsapp 11,whatsapp.net
https://www.lg.net/inicio/15,Gadgets y Dispositivos - Lg 15,lg.net
https://www.as.co/contacto/17,Fantasy Sports - As 17,as.co
https://www.twitter.org/noticias/13,Foro Comunitario - Twitter 13,twitter.org
https://www.schwab.io/buscar/16,Criptomonedas - Schwab 16,schwab.io
https://www.hulu.co/articulos/13,Podcasts - Hulu 13,hulu.co
https://www.skillshare.co/productos/13,Certificaciones Profesionales - Skillshare 13,skillshare.co
https://www.medscape.co/galeria/8,Salud y Bienestar - Medscape 8,medscape.co
https://www.hulu.io/articulos/14,Peliculas y Series - Hulu 14,hulu.io
https://www.amazon.co/categoria/9,Ciberseguridad - Amazon 9,amazon.co
https://www.skillshare.com/articulos/14,Campus Virtual - Skillshare 14,skillshare.com
https://www.whatsapp.com/categoria/12,Mensajeria Segura - Whatsapp 12,whatsapp.com
https://www.bbc.io/articulos/12,Noticias Locales - Bbc 12,bbc.io
https://www.ebay.io/categoria/11,Supermercado Virtual - Ebay 11,ebay.io
https://www.webmd.co/contacto/10,Prevencion de Enfermedades - Webmd 10,webmd.co
https://www.coinbase.org/galeria/3,Prestamos y Creditos - Coinbase 3,coinbase.org
https://www.time.net/productos/13,Noticias en Vivo - Time 13,time.net
https://www.youtube.org/galeria/10,Shows en Vivo - Youtube 10,youtube.org
https://www.kayak.net/inicio/9,Hoteles y Alojamiento - Kayak 9,kayak.net
https://www.telegram.com/categoria/10,Red Social - Telegram 10,telegram.com
https://www.expedia.org/contacto/5,Experiencias Locales - Expedia 5,expedia.org